INSERT INTO gym (gym_code, gym_name, address, business_number)
VALUES
    (1, '어게인짐 신대방삼거리역', '서울 동작구 상도로 83 2층 어게인짐', '110-81-34859'),
    (2, '지앤지 헬스케어', '서울 동작구 신대방동 385-4', '110-81-25891'),
    (3, '피트니스코어', '서울 동작구 신대방동 1-8', '110-81-34860'),
    (4, '엑스핏', '서울 동작구 상도로 78', '110-81-25892'),
    (5, '골프존헬스', '서울 동작구 신대방동 414-5', '110-81-34861'),
    (6, '파워짐', '서울 동작구 신대방동 420', '110-81-25893'),
    (7, '헬스타운', '서울 동작구 신대방동 382-10', '110-81-34862'),
    (8, '스포애니 신대방점', '서울 동작구 신대방동 397', '110-81-25894'),
    (9, '신대방 스포츠센터', '서울 동작구 신대방동 366-9', '110-81-34863'),
    (10, 'D.O.M 헬스장', '서울 동작구 신대방동 370-8', '110-81-25895');

INSERT INTO users (user_code, user_type, user_name, user_email, user_password, user_phone, user_nickname, user_address, user_flag, user_gender, user_height, user_weight, user_age, provider, provider_id, created_at, updated_at, gym_code)
VALUES
    ('20241007-36225461-e4f3-46de-8f97-119f2785deed', 'ADMIN', '홍길동', 'test1@test.com', '$2b$12$IW.t/QZOTdI58NQhlej4.O7zek/gfhJqhOYdI2dy0adR24rvvkJPC', '010-1234-5670', 'nickname1', 'Address 1', TRUE, 'M', 175, 70, 30, NULL, NULL, NOW(), NOW(), NULL),
    ('20241007-c3642896-d092-474d-9278-a9972f9dee22', 'MEMBER', '강동원', 'test2@test.com', '$2b$12$l662C6nYclLz/gAdHlYF9O7.TyaLwaXLZTVNXqYVf3utXRtvbxn2O', '010-1234-5671', 'nickname2', 'Address 2', TRUE, 'M', 180, 75, 32, NULL, NULL, NOW(), NOW(), NULL),
    ('20241007-fc0f20f4-8cf8-4a16-8a4e-369a3f05b993', 'MEMBER', '이민호', 'test3@test.com', '$2b$12$/BWvpiYLumeFEOc68506DeWjx1vP77HhGuwOIO.s/htiga8v9G50O', '010-1234-5672', 'nickname3', 'Address 3', TRUE, 'M', 182, 78, 33, NULL, NULL, NOW(), NOW(), NULL),
    ('20241007-c1bf0883-d973-48cf-a8ad-47a7dc9d7d8b', 'MEMBER', '박보검', 'test4@test.com', '$2b$12$cq4oZMZ/hO.LJ4E3E8gc.OCwDe334AVtx2qB01eaFRHxdiVgoibku', '010-1234-5673', 'nickname4', 'Address 4', TRUE, 'M', 176, 72, 29, NULL, NULL, NOW(), NOW(), NULL),
    ('20241007-05bfb06b-8eda-4857-8681-40d1eccb829d', 'MEMBER', '전지현', 'test5@test.com', '$2b$12$/laGN.c./7ZvAuOgFsIRRO8bGe/SuyGuyq1nzThfk8RB3mxPwdR0S', '010-1234-5674', 'nickname5', 'Address 5', TRUE, 'F', 168, 55, 28, NULL, NULL, NOW(), NOW(), NULL),
    ('20241007-0762dbf6-8176-41c2-a656-3c4092656ca2', 'MEMBER', '한지민', 'test6@test.com', '$2b$12$PjvVj4/10DkDHPu52lqu3eWgAMv1JPCIk/M2mHvVLc4Td3JKD.4pi', '010-1234-5675', 'nickname6', 'Address 6', TRUE, 'F', 165, 53, 26, NULL, NULL, NOW(), NOW(), NULL),
    ('20241007-1f1960d2-212d-4d01-8b0a-4485b9d69d5a', 'MEMBER', '김수현', 'test7@test.com', '$2b$12$Ahiqh/4paTuc9I5k/DUCMO2dqFI8u.oSGfplZmMSv2gYpuSz1jVNu', '010-1234-5676', 'nickname7', 'Address 7', TRUE, 'M', 178, 68, 31, NULL, NULL, NOW(), NOW(), NULL),
    ('20241007-6ebfa239-01e9-4597-97b8-a28be50ed664', 'MEMBER', '송중기', 'test8@test.com', '$2b$12$ajQGDJgwhK0GQKP4GLM/h.vXF0wWfE5JxH15U2zBH1EhPx7kbmNpS', '010-1234-5677', 'nickname8', 'Address 8', TRUE, 'M', 180, 74, 34, NULL, NULL, NOW(), NOW(), NULL),
    ('20241007-7a3cc3ef-3901-4aaa-846b-5e99f355257f', 'MEMBER', '김태리', 'test9@test.com', '$2b$12$6JIfKjS5Swq1.T4cfzVZae4I5FdqgyBY1tSjb3K0VEBRBjSsPIEEK', '010-1234-5678', 'nickname9', 'Address 9', TRUE, 'F', 164, 52, 27, NULL, NULL, NOW(), NOW(), NULL),
    ('20241007-f4252be3-45cc-4318-98dd-ed56593cfc53', 'MEMBER', '정해인', 'test10@test.com', '$2b$12$TO6KzPc1yJeMVlNmt12meOy6LDWo0jppbc1VyHTtfLeJEqZbd/dae', '010-1234-5679', 'nickname10', 'Address 10', TRUE, 'M', 177, 73, 32, NULL, NULL, NOW(), NOW(), NULL),
    ('20241007-79f61b0b-3282-48b7-8a3c-9dd83d2cfec2', 'MEMBER', '장호정', 'test31@test.com', '$2b$12$Wb9RyWAM3Klec5Er3UsWx.v68YKnC0O2QnG.v3LNVjzDNdv/azP9a', '010-1234-5701', '갓호정', 'Address 31', TRUE, 'F', 170, 55, 25, NULL, NULL, NOW(), NOW(), NULL),
    ('20241007-9e7cc4e0-022e-46eb-ad78-02acb7aab693', 'MEMBER', '양현진', 'test32@test.com', '$2b$12$SYlkIIl1EqrE6VEA1kVkQeWmhWu/yFCBzAC/sgWwvJqz3b5CpIK92', '010-1234-5702', '갓현진', 'Address 32', TRUE, 'F', 170, 55, 33, NULL, NULL, NOW(), NOW(), NULL),
    ('20241007-d58e2719-4c3d-4b75-8621-ce2313a358bf', 'MEMBER', '박경희', 'test33@test.com', '$2b$12$faG0Dj9TuFzfvosv7.hq.e1ndVuZc9o1mPalMxxLhTbPR.b7ypeGS', '010-1234-5703', '갓경희', 'Address 33', TRUE, 'F', 170, 55, 30, NULL, NULL, NOW(), NOW(), NULL),
    ('20241007-7430a349-93ab-4b1d-a3ac-301ca97589e9', 'MEMBER', '노다민', 'test34@test.com', '$2b$12$/qoey5wXujZ.0wRteRVFfualyGfJj422yNJzGYEk.Tb5SDu4T.gFW', '010-1234-5704', '갓다민', 'Address 34', TRUE, 'F', 170, 55, 31, NULL, NULL, NOW(), NOW(), NULL),
    ('20241007-8b202235-a8a7-4772-beb0-25b9e66ea10e', 'MEMBER', '윤채연', 'test35@test.com', '$2b$12$nfycSFvMGR0lwn.Z6KuNWuA4SX7ZusYGRZQqbNxxqZezDdZj0TxrC', '010-1234-5705', '갓채연', 'Address 35', TRUE, 'F', 170, 55, 29, NULL, NULL, NOW(), NOW(), NULL),
    ('20241007-d8341165-c9db-4234-9376-16618a332f20', 'MEMBER', '김시우', 'test36@test.com', '$2b$12$Vo1WaP1XFInewb4VrEMZreTT7owxKVw9RQobn1D4NxWvgNViHn.Ri', '010-1234-5706', 'KIMSIUUU', 'Address 36', TRUE, 'M', 187, 80, 25, NULL, NULL, NOW(), NOW(), NULL),
    ('20241007-df0f55fd-0f9a-498f-9f53-651cb2e60b14', 'MEMBER', '기우석', 'test37@test.com', '$2b$12$2fpKvAWuNTH8foX8EiR3QOlNH91ly7q3NlscOfKxi.v.9ddMjJrJq', '010-1234-5707', 'KIUUU', 'Address 37', TRUE, 'M', 187, 80, 28, NULL, NULL, NOW(), NOW(), NULL),
    ('20241007-6ac00e92-24b1-487d-89e6-54f86e71c6e4', 'MEMBER', '이효진', 'test38@test.com', '$2b$12$pkVPUuR1ODmZQ0MYPXhK/.vOgvJf29wrrPhdTMyLt9HkY/YqZ0e8S', '010-1234-5708', '갓효진', 'Address 38', TRUE, 'F', 170, 55, 27, NULL, NULL, NOW(), NOW(), NULL),
    ('20241007-8bcabbfc-0f2f-4812-b819-e0cf79a9d041', 'MEMBER', '송의혁', 'test39@test.com', '$2b$12$pNsUvV.POVkUvw.QNRr9hOOeMwMtsID8tFi9y5IRGVZJP6EdcN/yG', '010-1234-5709', '대의혁', 'Address 39', TRUE, 'M', 187, 80, 30, NULL, NULL, NOW(), NOW(), NULL),
    ('20241007-41f24a02-0c39-47c1-8f9b-b83219d5936f', 'MEMBER', '용길한', 'test40@test.com', '$2b$12$BFlsObGxeNGZHC2QeNFxGeFXJMGNzy32ewWvN.O/F9zzXgf86knX6', '010-1234-5710', '갓길한', 'Address 40', TRUE, 'M', 187, 80, 29, NULL, NULL, NOW(), NOW(), NULL),
    ('20241007-f7742c80-3299-442f-9405-9cf42b92d16f', 'MEMBER', '정준서', 'test41@test.com', '$2b$12$1okg6CsAmzx7HJTLw1I11O9I5eOnM/voLKwW4CbNfEBwKAKNxMAWe', '010-1234-5711', '대준서', 'Address 41', TRUE, 'M', 187, 80, 32, NULL, NULL, NOW(), NOW(), NULL),
    ('20241007-00d92a1c-3a7c-49b7-9c34-7b6cfab7b40c', 'MEMBER', '방동호', 'test42@test.com', '$2b$12$SB5LJyzV9wwHGP5P5kGfYuivcvhLyzyVJDJu9QNZsphtJdgy/8Zta', '010-1234-5712', '갓동호', 'Address 42', TRUE, 'M', 187, 80, 33, NULL, NULL, NOW(), NOW(), NULL),
    ('20241007-fdefd1f4-3d09-4d5e-bfa2-0f991bdfad35', 'MEMBER', '유혜진', 'test43@test.com', '$2b$12$dC3JlG6aM86DbWBuH0RdGe8MOmAtJnhksrIUlNE3HFIO5Z3uRrrVS', '010-1234-5713', '갓혜진', 'Address 43', TRUE, 'F', 170, 55, 30, NULL, NULL, NOW(), NOW(), NULL),
    ('20241007-49b6402d-cd09-45ec-bf0e-cd6bb5e43dd7', 'MEMBER', '이우진', 'test44@test.com', '$2b$12$B2uVCROEJvpfrrj3z46Wv.bXT3nqUGCqQitNZSXBpccyV3QPVdXKu', '010-1234-5714', '대우진', 'Address 44', TRUE, 'M', 187, 80, 28, NULL, NULL, NOW(), NOW(), NULL),
    ('20241007-45acb0ae-b91a-4d22-a3db-248872314656', 'MEMBER', '전기범', 'test45@test.com', '$2b$12$3TXpxM9fCLRmpe75xxG7SO8mxC3kJrhAl0Dq7veWmeuYqWvQsy1xC', '010-1234-5715', '전기범입니다', 'Address 45', TRUE, 'M', 187, 80, 30, NULL, NULL, NOW(), NOW(), NULL),
    ('20241007-68e7b181-3cb7-49e1-97ef-c2ba3d8373f8', 'MEMBER', '김민석', 'test46@test.com', '$2b$12$RKFG9heHR0J6Ls.vUtpBuOZmUlGn3EwQOXZLf25.PUO0ejKwTmVkm', '010-1234-5716', '김민석나가네', 'Address 46', TRUE, 'M', 187, 80, 33, NULL, NULL, NOW(), NOW(), NULL),
    ('20241007-c79935e9-449f-4853-81f5-07bb1769f4b3', 'MEMBER', '조창욱', 'test47@test.com', '$2b$12$d7xiWdHl5R/a/USi4eGl0.7ym/3LSD5nlJ5Nm0jEGgQ9vohvPjpmO', '010-1234-5717', '갓창욱', 'Address 47', TRUE, 'M', 187, 80, 30, NULL, NULL, NOW(), NOW(), NULL),
    ('20241007-c66f0e04-6f7b-4f7d-bb97-dfe3581c7431', 'MEMBER', '김서현', 'test48@test.com', '$2b$12$8ZTSJ.aZmN0PExHYXpyEIOylVnZJDvVqSZFBVzBoO.LzdRPrkXmxS', '010-1234-5718', '대서현', 'Address 48', TRUE, 'F', 170, 55, 28, NULL, NULL, NOW(), NOW(), NULL),
    ('20241007-70cf5cf9-dc88-49c2-864f-57fdc391da26', 'MEMBER', '최해관', 'test49@test.com', '$2b$12$pu.gqMtyhswkr.p57KISFeAfKDsIInMvAlOWFD2uD5IE25aCJwRdi', '010-1234-5719', '갓해관', 'Address 49', TRUE, 'M', 187, 80, 31, NULL, NULL, NOW(), NOW(), NULL),
    ('20241007-1403fb06-4955-40d6-9911-9876ba2db233', 'MEMBER', '김정모', 'test50@test.com', '$2b$12$l662C6nYclLz/gAdHlYF9O7.TyaLwaXLZTVNXqYVf3utXRtvbxn2O', '010-1234-5720', '모짱', 'Address 50', TRUE, 'M', 187, 80, 27, NULL, NULL, NOW(), NOW(), NULL),
    ('20241021-1a2b3c4d-5e6f-7g8h-9i0j-k1l2m3n4o5p6', 'MEMBER', '조제훈', 'test51@test.com', '$2b$12$l662C6nYclLz/gAdHlYF9O7.TyaLwaXLZTVNXqYVf3utXRtvbxn2O', '010-1234-5721', '5조찍5조', 'Address 51', TRUE, 'M', 187, 80, 28, NULL, NULL, NOW(), NOW(), NULL),
    ('20241021-6f7g8h9i-0j1k-2l3m-4n5o-6p7q8r9s0t1u', 'MEMBER', '백경석', 'test52@test.com', '$2b$12$l662C6nYclLz/gAdHlYF9O7.TyaLwaXLZTVNXqYVf3utXRtvbxn2O', '010-1234-5722', '대경석', 'Address 52', TRUE, 'M', 187, 80, 32, NULL, NULL, NOW(), NOW(), NULL),
    ('20241021-9i0j1k2l-3m4n-5o6p-7q8r-9s0t1u2v3w4x', 'MEMBER', '유제은', 'test53@test.com', '$2b$12$l662C6nYclLz/gAdHlYF9O7.TyaLwaXLZTVNXqYVf3utXRtvbxn2O', '010-1234-5723', '대제은', 'Address 53', TRUE, 'F', 170, 55, 29, NULL, NULL, NOW(), NOW(), NULL),
    ('20241021-4n5o6p7q-8r9s-0t1u-2v3w-4x5y6z7a8b9c', 'MEMBER', '이나현', 'test54@test.com', '$2b$12$l662C6nYclLz/gAdHlYF9O7.TyaLwaXLZTVNXqYVf3utXRtvbxn2O', '010-1234-5724', '이나짱', 'Address 54', TRUE, 'F', 170, 55, 27, NULL, NULL, NOW(), NOW(), NULL),
    ('20241021-7q8r9s0t-1u2v-3w4x-5y6z-7a8b9c0d1e2f', 'MEMBER', '이서현', 'test55@test.com', '$2b$12$l662C6nYclLz/gAdHlYF9O7.TyaLwaXLZTVNXqYVf3utXRtvbxn2O', '010-1234-5725', '갓서현', 'Address 55', TRUE, 'F', 170, 55, 25, NULL, NULL, NOW(), NOW(), NULL),
    ('20241021-2v3w4x5y-6z7a-8b9c-0d1e-2f3g4h5i6j7k', 'MEMBER', '장민근', 'test56@test.com', '$2b$12$l662C6nYclLz/gAdHlYF9O7.TyaLwaXLZTVNXqYVf3utXRtvbxn2O', '010-1234-5726', '대민근', 'Address 56', TRUE, 'M', 187, 80, 30, NULL, NULL, NOW(), NOW(), NULL),
    ('20241021-5y6z7a8b-9c0d-1e2f-3g4h-5i6j7k8l9m0n', 'MEMBER', '김동혁', 'test57@test.com', '$2b$12$l662C6nYclLz/gAdHlYF9O7.TyaLwaXLZTVNXqYVf3utXRtvbxn2O', '010-1234-5727', '갓동혁', 'Address 57', TRUE, 'M', 187, 80, 28, NULL, NULL, NOW(), NOW(), NULL);



INSERT INTO inbody (inbody_score, weight, height, muscle_weight, fat_weight, bmi, fat_percentage, day_of_inbody, basal_metabolic_rate, created_at, updated_at, user_code)
VALUES
    (80, 75, 180, 25.0, 12.5, 23.1, 17.0, '2024-09-25 08:00:00', 1500, '2024-09-25 08:10:00', '2024-09-25 08:10:00', '20241007-c3642896-d092-474d-9278-a9972f9dee22'),
    (82, 78, 182, 26.0, 13.0, 24.0, 18.0, '2024-09-26 09:00:00', 1550, '2024-09-26 09:15:00', '2024-09-26 09:15:00', '20241007-fc0f20f4-8cf8-4a16-8a4e-369a3f05b993'),
    (81, 72, 176, 24.5, 11.5, 22.0, 16.5, '2024-09-27 10:00:00', 1480, '2024-09-27 10:10:00', '2024-09-27 10:10:00', '20241007-c1bf0883-d973-48cf-a8ad-47a7dc9d7d8b'),
    (83, 55, 168, 22.0, 9.0, 21.5, 19.0, '2024-09-28 11:00:00', 1300, '2024-09-28 11:20:00', '2024-09-28 11:20:00', '20241007-05bfb06b-8eda-4857-8681-40d1eccb829d'),
    (84, 53, 165, 21.5, 8.5, 20.5, 18.5, '2024-09-29 12:00:00', 1250, '2024-09-29 12:15:00', '2024-09-29 12:15:00', '20241007-0762dbf6-8176-41c2-a656-3c4092656ca2'),
    (86, 68, 178, 24.0, 11.0, 22.5, 17.5, '2024-09-30 13:00:00', 1600, '2024-09-30 13:20:00', '2024-09-30 13:20:00', '20241007-1f1960d2-212d-4d01-8b0a-4485b9d69d5a'),
    (87, 74, 180, 25.5, 12.0, 23.5, 18.0, '2024-10-01 07:00:00', 1650, '2024-10-01 07:10:00', '2024-10-01 07:10:00', '20241007-6ebfa239-01e9-4597-97b8-a28be50ed664'),
    -- 밑에 4개는 정해인, 김태리꺼고 이 둘은 2개의 인바디 데이터를 등록했음.
    (85, 52, 164, 23.5, 10.2, 19.3, 18.7, '2024-10-01 08:00:00', 1450, '2024-10-01 08:10:00', '2024-10-01 08:10:00', '20241007-7a3cc3ef-3901-4aaa-846b-5e99f355257f'),
    (88, 52.5, 164, 24.0, 10.0, 19.4, 18.5, '2024-10-02 10:00:00', 1460, '2024-10-02 10:20:00', '2024-10-02 10:20:00', '20241007-7a3cc3ef-3901-4aaa-846b-5e99f355257f'),
    (90, 73, 177, 26.3, 12.4, 22.5, 17.0, '2024-10-01 09:30:00', 1700, '2024-10-01 09:45:00', '2024-10-01 09:45:00', '20241007-f4252be3-45cc-4318-98dd-ed56593cfc53'),
    (92, 73.5, 177, 26.8, 12.0, 22.7, 16.5, '2024-10-03 11:30:00', 1710, '2024-10-03 11:50:00', '2024-10-03 11:50:00', '20241007-f4252be3-45cc-4318-98dd-ed56593cfc53'),

    (35, 55, 170, 24.7, 10.3, 19.0, 18.7, '2024-10-03 11:30:00', 1283, '2024-10-03 11:50:00', '2024-10-03 11:50:00', '20241007-79f61b0b-3282-48b7-8a3c-9dd83d2cfec2'),
    (64, 55, 170, 21.6, 13.3, 19.0, 24.2, '2024-10-03 11:30:00', 1225, '2024-10-03 11:50:00', '2024-10-03 11:50:00', '20241007-9e7cc4e0-022e-46eb-ad78-02acb7aab693'),
    (15, 55, 170, 21.8, 11.7, 19.0, 21.3, '2024-10-03 11:30:00', 1719, '2024-10-03 11:50:00', '2024-10-03 11:50:00', '20241007-d58e2719-4c3d-4b75-8621-ce2313a358bf'),
    (72, 55, 170, 23.1, 8.5, 19.0, 15.5, '2024-10-03 11:30:00', 1578, '2024-10-03 11:50:00', '2024-10-03 11:50:00', '20241007-7430a349-93ab-4b1d-a3ac-301ca97589e9'),
    (19, 55, 170, 20.8, 8.9, 19.0, 16.2, '2024-10-03 11:30:00', 1290, '2024-10-03 11:50:00', '2024-10-03 11:50:00', '20241007-8b202235-a8a7-4772-beb0-25b9e66ea10e'),
    (80, 80, 187, 33.3, 13.9, 22.9, 17.4, '2024-10-03 11:30:00', 1209, '2024-10-03 11:50:00', '2024-10-03 11:50:00', '20241007-d8341165-c9db-4234-9376-16618a332f20'),
    (98, 80, 187, 30.9, 17.0, 22.9, 21.2, '2024-10-03 11:30:00', 1375, '2024-10-03 11:50:00', '2024-10-03 11:50:00', '20241007-df0f55fd-0f9a-498f-9f53-651cb2e60b14'),
    (26, 55, 170, 20.2, 13.0, 19.0, 23.6, '2024-10-03 11:30:00', 1756, '2024-10-03 11:50:00', '2024-10-03 11:50:00', '20241007-6ac00e92-24b1-487d-89e6-54f86e71c6e4'),
    (66, 80, 187, 30.4, 15.5, 22.9, 19.4, '2024-10-03 11:30:00', 1968, '2024-10-03 11:50:00', '2024-10-03 11:50:00', '20241007-8bcabbfc-0f2f-4812-b819-e0cf79a9d041'),
    (60, 80, 187, 29.4, 16.2, 22.9, 20.2, '2024-10-03 11:30:00', 1481, '2024-10-03 11:50:00', '2024-10-03 11:50:00', '20241007-41f24a02-0c39-47c1-8f9b-b83219d5936f'),
    (62, 80, 187, 34.0, 16.8, 22.9, 21.0, '2024-10-03 11:30:00', 1775, '2024-10-03 11:50:00', '2024-10-03 11:50:00', '20241007-f7742c80-3299-442f-9405-9cf42b92d16f'),
    (39, 80, 187, 32.8, 12.2, 22.9, 15.2, '2024-10-03 11:30:00', 1912, '2024-10-03 11:50:00', '2024-10-03 11:50:00', '20241007-00d92a1c-3a7c-49b7-9c34-7b6cfab7b40c'),
    (31, 55, 170, 24.5, 10.5, 19.0, 19.1, '2024-10-03 11:30:00', 1422, '2024-10-03 11:50:00', '2024-10-03 11:50:00', '20241007-fdefd1f4-3d09-4d5e-bfa2-0f991bdfad35'),
    (56, 80, 187, 30.5, 16.8, 22.9, 21.0, '2024-10-03 11:30:00', 1840, '2024-10-03 11:50:00', '2024-10-03 11:50:00', '20241007-49b6402d-cd09-45ec-bf0e-cd6bb5e43dd7'),
    (13, 80, 187, 31.1, 19.9, 22.9, 24.9, '2024-10-03 11:30:00', 1977, '2024-10-03 11:50:00', '2024-10-03 11:50:00', '20241007-45acb0ae-b91a-4d22-a3db-248872314656'),
    (65, 80, 187, 28.6, 14.0, 22.9, 17.5, '2024-10-03 11:30:00', 1748, '2024-10-03 11:50:00', '2024-10-03 11:50:00', '20241007-68e7b181-3cb7-49e1-97ef-c2ba3d8373f8'),
    (98, 80, 187, 31.2, 15.7, 22.9, 19.6, '2024-10-03 11:30:00', 1772, '2024-10-03 11:50:00', '2024-10-03 11:50:00', '20241007-c79935e9-449f-4853-81f5-07bb1769f4b3'),
    (10, 55, 170, 20.0, 13.3, 19.0, 24.2, '2024-10-03 11:30:00', 1525, '2024-10-03 11:50:00', '2024-10-03 11:50:00', '20241007-c66f0e04-6f7b-4f7d-bb97-dfe3581c7431'),
    (74, 80, 187, 31.2, 19.9, 22.9, 24.9, '2024-10-03 11:30:00', 1299, '2024-10-03 11:50:00', '2024-10-03 11:50:00', '20241007-70cf5cf9-dc88-49c2-864f-57fdc391da26'),
    (12, 80, 187, 29.7, 17.8, 22.9, 22.2, '2024-10-03 11:30:00', 1687, '2024-10-03 11:50:00', '2024-10-03 11:50:00', '20241007-1403fb06-4955-40d6-9911-9876ba2db233');


INSERT INTO rival (user_code, rival_user_code, created_at, updated_at)
VALUES
    ('20241007-fc0f20f4-8cf8-4a16-8a4e-369a3f05b993', '20241007-c3642896-d092-474d-9278-a9972f9dee22', NOW(), NOW()),
    ('20241007-7a3cc3ef-3901-4aaa-846b-5e99f355257f', '20241007-f4252be3-45cc-4318-98dd-ed56593cfc53', NOW(), NOW()),
    ('20241007-f4252be3-45cc-4318-98dd-ed56593cfc53', '20241007-7a3cc3ef-3901-4aaa-846b-5e99f355257f', NOW(), NOW()),
    ('20241007-c3642896-d092-474d-9278-a9972f9dee22', '20241007-f4252be3-45cc-4318-98dd-ed56593cfc53', NOW(), NOW());


INSERT INTO exercise_equipment (exercise_equipment_code, exercise_equipment_name, body_part, exercise_description, exercise_image, recommended_video) VALUES
                                                                                                                                                          (1, '데드리프트', '등', '바닥에서 바벨을 들어 올리는 운동으로, 허리, 엉덩이, 다리 근육을 강화합니다. 허리를 곧게 펴고 바벨을 잡은 뒤, 다리를 사용해 바벨을 들어 올립니다.', 'https://storage.googleapis.com/healthtartstorage/cda9b1bc-3bfc-4a77-8bd6-7f81719d2e79-babel.jpg', NULL),
                                                                                                                                                          (2, '바벨 로우', '등', '상체를 앞으로 숙이고 바벨을 들어 올리는 운동입니다. 등을 강화하고 자세를 개선하는 데 도움을 줍니다. 몸을 안정적으로 유지하면서 바벨을 가슴 쪽으로 끌어당깁니다.', 'https://storage.googleapis.com/healthtartstorage/cda9b1bc-3bfc-4a77-8bd6-7f81719d2e79-babel.jpg', NULL),
                                                                                                                                                          (3, '풀 업', '등', '바를 잡고 몸을 끌어올리는 운동으로, 등과 팔 근육을 단련합니다. 바에 매달려 몸을 위로 끌어올리며 팔의 힘을 사용합니다.', 'https://storage.googleapis.com/healthtartstorage/9849743e-c5e0-4fdc-aa3b-8e4c338bfeed-assisted_dip_chin.jpg', NULL),
                                                                                                                                                          (4, '루마니안 데드리프트', '등', '다리 뒤쪽 근육을 강화하는 운동입니다. 바벨을 잡고 몸을 앞으로 숙이면서 허리를 곧게 유지하고 다시 일어섭니다.', 'https://storage.googleapis.com/healthtartstorage/cda9b1bc-3bfc-4a77-8bd6-7f81719d2e79-babel.jpg', NULL),
                                                                                                                                                          (5, '랫 풀다운', '등', '기계에 앉아 바를 아래로 당기는 운동으로, 등 근육을 강화합니다. 바를 잡고 팔을 아래로 당기며 등을 이용해 힘을 주어 올립니다.', NULL, NULL),
                                                                                                                                                          (6, '백 익스텐션', '등', '허리를 강화하는 운동입니다. 평평한 표면에 누워 다리를 고정하고 상체를 들어 올립니다. 허리를 곧게 유지하며 운동합니다.', NULL, NULL),
                                                                                                                                                          (7, '원 암 덤벨 로우', '등', '한 손에 덤벨을 들고 상체를 앞으로 숙인 상태에서 덤벨을 끌어올리는 운동입니다. 등을 강화하는 데 좋습니다.', 'https://storage.googleapis.com/healthtartstorage/619f8882-ef15-459e-ace9-b7196516b2ac-dumbbell.jpg', NULL),
                                                                                                                                                          (8, '시티드 케이블 로우', '등', '케이블 머신에 앉아 바를 잡고 몸을 뒤로 젖힌 후 당기는 운동입니다. 등을 고르게 강화할 수 있습니다.', 'https://storage.googleapis.com/healthtartstorage/fd70b083-9e4d-48e0-998f-43bcd5b12990-seatedrow.jpg', NULL),
                                                                                                                                                          (9, '시티드 로우 머신', '등', '특별히 디자인된 기계에 앉아 바를 당기는 운동으로, 등 근육을 효율적으로 강화합니다.', NULL, NULL),
                                                                                                                                                          (10, '덤벨 데드리프트', '등', '덤벨을 들고 바닥에서 들어올리는 운동입니다. 다리와 허리를 동시에 강화합니다.', 'https://storage.googleapis.com/healthtartstorage/619f8882-ef15-459e-ace9-b7196516b2ac-dumbbell.jpg', NULL),
                                                                                                                                                          (11, '밴드 벤트 오버 로우', '등', '고무 밴드를 이용해 몸을 앞으로 숙이고 당기는 운동입니다. 상체와 등 근육을 강화합니다.', NULL, NULL),
                                                                                                                                                          (12, '레니게이드 로우', '등', '푸쉬업 자세에서 한 손으로 덤벨을 들어올리는 운동으로, 등과 코어를 강화합니다.', NULL, NULL),
                                                                                                                                                          (13, '인클라인 로우', '등', '경사가 있는 벤치에 엎드려서 바벨을 당기는 운동으로, 등 근육을 효과적으로 자극합니다.', 'https://storage.googleapis.com/healthtartstorage/cf780b34-d1db-4467-82a0-d05491640838-inclinebench.jpg', NULL),
                                                                                                                                                          (14, '인버티드 로우', '등', '바에 매달려 몸을 수평으로 유지하며 끌어당기는 운동입니다. 등을 효과적으로 강화합니다.', NULL, NULL),
                                                                                                                                                          (15, '티 바 로우 머신', '등', '특별히 디자인된 머신에 앉아 바를 당기는 운동으로, 등 근육을 집중적으로 발달시킵니다.', NULL, NULL),
                                                                                                                                                          (16, '티 바 로우', '등', '바를 잡고 상체를 앞으로 숙인 후 바를 가슴 쪽으로 끌어당기는 운동입니다. 등을 강화하는 데 효과적입니다.', NULL, NULL),
                                                                                                                                                          (17, '백 랫 풀다운', '등', '등 근육을 강화하는 운동으로, 기계에 앉아 바를 아래로 당깁니다. 허리와 팔을 함께 사용합니다.', 'https://storage.googleapis.com/healthtartstorage/5106e1ef-7601-4aed-aea8-6fc6f6854d21-latpulldown.jpg', NULL),
                                                                                                                                                          (18, '로우 로우 머신', '등', '특별한 기계에서 앉아 바를 당기는 운동으로, 등을 효과적으로 발달시킵니다.', NULL, NULL),
                                                                                                                                                          (19, '스미스 머신 바벨 로우', '등', '스미스 머신을 사용하여 바벨을 당기는 운동으로, 안정적으로 자세를 유지할 수 있습니다.', NULL, NULL),
                                                                                                                                                          (20, '암 풀다운', '등', '한 손으로 바를 아래로 당기는 운동으로, 등과 팔 근육을 강화합니다.', NULL, NULL),
                                                                                                                                                          (21, '밴드 로우', '등', '고무 밴드를 사용하여 당기는 운동으로, 상체 근육을 효과적으로 발달시킵니다.', NULL, NULL),
                                                                                                                                                          (22, '덤벨 로우', '등', '덤벨을 두 손으로 잡고 몸을 앞으로 숙여 당기는 운동입니다. 등을 강화합니다.', 'https://storage.googleapis.com/healthtartstorage/619f8882-ef15-459e-ace9-b7196516b2ac-dumbbell.jpg', NULL),
                                                                                                                                                          (23, '펜들레이 로우', '등', '덤벨이나 바벨을 이용해 몸을 앞으로 숙인 상태에서 당기는 운동입니다. 등을 강화하는 데 효과적입니다.', 'https://storage.googleapis.com/healthtartstorage/619f8882-ef15-459e-ace9-b7196516b2ac-dumbbell.jpg', NULL),
                                                                                                                                                          (24, '원 암 랫 풀다운', '등', '한 손으로 바를 아래로 당기는 운동입니다. 한 쪽의 등 근육을 집중적으로 발달시킵니다.', NULL, NULL),
                                                                                                                                                          (25, '랙 풀', '등', '기계에서 상체를 안정적으로 유지하며 바를 아래로 당기는 운동입니다. 등이 발달됩니다.', NULL, NULL),
                                                                                                                                                          (26, '백 익스텐션 머신', '등', '전용 기계에서 허리를 강화하는 운동입니다. 허리를 굽힌 후 곧게 펴는 동작을 반복합니다.', NULL, NULL),
                                                                                                                                                          (27, '굿모닝', '등', '바벨을 어깨에 얹고 몸을 앞으로 숙였다가 다시 일어나는 운동입니다. 허리와 엉덩이를 강화합니다.', NULL, NULL),
                                                                                                                                                          (28, '밴드 데드리프트', '등', '고무 밴드를 이용하여 바닥에서 들어올리는 운동입니다. 전신을 강화합니다.', NULL, NULL),
                                                                                                                                                          (29, '하이 로우 머신', '등', '특별히 디자인된 기계에서 상체를 강화하는 운동입니다. 몸을 안정적으로 유지하면서 운동합니다.', NULL, NULL),
                                                                                                                                                          (30, '와이드 풀다운 머신', '등', '특별한 기계에서 넓은 그립으로 바를 당기는 운동입니다. 넓은 등 근육을 발달시킵니다.', NULL, NULL),
                                                                                                                                                          (31, '케틀벨 로우', '등', '케틀벨을 잡고 몸을 앞으로 숙인 상태에서 당기는 운동입니다. 등을 강화합니다.', NULL, NULL),
                                                                                                                                                          (32, '짐볼 백 익스텐션', '등', '짐볼에 엎드려서 허리를 강화하는 운동입니다. 몸의 균형을 잡는 데 도움을 줍니다.', NULL, NULL),
                                                                                                                                                          (33, '원 암 케이블 랫 풀다운', '등', '케이블 머신을 사용해 한 손으로 바를 당기는 운동입니다. 등을 집중적으로 강화합니다.', 'https://storage.googleapis.com/healthtartstorage/6347d4f3-a29f-4500-9092-91f787fc0e33-cablecrossover.jpg', NULL),
                                                                                                                                                          (34, '원 암 랫 풀다운 머신', '등', '특별한 머신에서 한 손으로 바를 당기는 운동입니다. 등이 발달됩니다.', NULL, NULL),
                                                                                                                                                          (35, '원 암 시티드 로우 머신', '등', '시티드 머신에 앉아 한 손으로 당기는 운동입니다. 등을 강화하는 데 도움을 줍니다.', 'https://storage.googleapis.com/healthtartstorage/fd70b083-9e4d-48e0-998f-43bcd5b12990-seatedrow.jpg', NULL),
                                                                                                                                                          (36, '랫 풀다운 머신', '등', '전용 기계에서 바를 아래로 당기는 운동입니다. 등의 넓은 근육을 발달시킵니다.', 'https://storage.googleapis.com/healthtartstorage/5106e1ef-7601-4aed-aea8-6fc6f6854d21-latpulldown.jpg', NULL),
                                                                                                                                                          (37, '라잉 백 익스텐션', '등', '누운 상태에서 허리를 들어 올리는 운동입니다. 허리 근육을 강화하는 데 좋습니다.', NULL, NULL),
                                                                                                                                                          (38, '슈퍼맨 로우', '등', '엎드린 상태에서 팔과 다리를 동시에 들어 올리는 운동입니다. 허리와 엉덩이를 강화합니다.', NULL, NULL),
                                                                                                                                                          (39, '시티드 로우', '등', '기계에 앉아 바를 당기는 운동입니다. 등을 안정적으로 강화합니다.', 'https://storage.googleapis.com/healthtartstorage/fd70b083-9e4d-48e0-998f-43bcd5b12990-seatedrow.jpg', NULL),
                                                                                                                                                          (40, '클로즈 그립 티 바 로우', '등', '바벨을 잡고 상체를 앞으로 숙인 후 끌어당기는 운동입니다. 등을 집중적으로 강화합니다.', NULL, NULL),
                                                                                                                                                          (41, '트위스트 슈퍼맨', '등', '엎드린 상태에서 팔과 다리를 비틀어 들어 올리는 운동입니다. 코어와 허리를 강화합니다.', NULL, NULL),
                                                                                                                                                          (42, '백 펙 스트레칭', '등', '등의 상부를 스트레칭하는 운동입니다. 팔을 뒤로 쭉 펴고 가슴을 앞으로 내밀어 줍니다.', NULL, NULL),
                                                                                                                                                          (43, '엎드려 등 스트레칭', '등', '바닥에 엎드려서 팔을 앞으로 쭉 펴고 상체를 들어 올리는 스트레칭입니다. 등을 이완시킵니다.', NULL, NULL),
                                                                                                                                                          (44, '동적 등 스트레칭', '등', '팔을 위아래로 흔들며 등을 스트레칭하는 운동입니다. 전신의 유연성을 높이는 데 도움이 됩니다.', NULL, NULL),
                                                                                                                                                          (45, '사이드 등 스트레칭', '등', '한쪽 팔을 위로 쭉 뻗고 옆으로 몸을 기울이는 스트레칭입니다. 측면 등 근육을 이완시킵니다.', NULL, NULL),
                                                                                                                                                          (46, '스탠딩 등 스트레칭', '등', '서서 팔을 위로 올리고 상체를 뒤로 젖히는 스트레칭입니다. 등을 편안하게 이완시킵니다.', NULL, NULL),
                                                                                                                                                          (47, '오버헤드 등 스트레칭', '등', '팔을 머리 위로 올리고 몸을 좌우로 기울이는 스트레칭입니다. 등을 깊게 늘려줍니다.', NULL, NULL),
                                                                                                                                                          (48, '케틀벨 데드리프트', '등', '케틀벨을 바닥에서 들어 올리는 운동입니다. 다리와 허리를 동시에 강화합니다.', NULL, NULL),
                                                                                                                                                          (49, '언더핸드 바벨 로우', '등', '바벨을 언더핸드 그립으로 잡고 상체를 앞으로 숙인 후 당기는 운동입니다. 등의 중간 부분을 강화합니다.', NULL, NULL),
                                                                                                                                                          (50, '언더핸드 스미스 머신 바벨 로우', '등', '스미스 머신을 사용해 언더핸드 그립으로 바를 당기는 운동입니다. 안정적으로 근육을 강화합니다.', NULL, NULL),
                                                                                                                                                          (51, '원 암 시티드 케이블 로우', '등', '케이블 머신에 앉아 한 손으로 당기는 운동입니다. 등을 집중적으로 발달시킵니다.', 'https://storage.googleapis.com/healthtartstorage/6347d4f3-a29f-4500-9092-91f787fc0e33-cablecrossover.jpg', NULL),
                                                                                                                                                          (52, '패러럴 그립 시티드 케이블 로우', '등', '양손으로 패러럴 그립을 잡고 당기는 운동입니다. 등이 균형 있게 발달합니다.', NULL, NULL),
                                                                                                                                                          (53, '와이드 그립 시티드 케이블 로우', '등', '양손으로 넓은 그립을 잡고 당기는 운동입니다. 등의 외측을 강화하는 데 효과적입니다.', NULL, NULL),
                                                                                                                                                          (54, '원 암 케틀벨 로우', '등', '한 손에 케틀벨을 들고 당기는 운동입니다. 등을 강화하는 데 좋습니다.', NULL, NULL),
                                                                                                                                                          (55, '스탠딩 케이블 로우', '등', '서서 케이블을 당기는 운동입니다. 등과 팔 근육을 동시에 발달시킵니다.', 'https://storage.googleapis.com/healthtartstorage/6347d4f3-a29f-4500-9092-91f787fc0e33-cablecrossover.jpg', NULL),
                                                                                                                                                          (56, '링 하이 로우', '등', '링을 사용하여 상체를 안정적으로 유지하며 당기는 운동입니다. 상체 근육을 강화하는 데 도움을 줍니다.', NULL, NULL),
                                                                                                                                                          (57, '어시스트 풀 업', '등', '풀업 바에 매달려 몸을 끌어올리며 보조를 받는 운동입니다. 등과 팔 근육을 강화합니다.', 'https://storage.googleapis.com/healthtartstorage/9849743e-c5e0-4fdc-aa3b-8e4c338bfeed-assisted_dip_chin.jpg', NULL),
                                                                                                                                                          (58, '패러럴 그립 어시스트 풀 업', '등', '어시스트 머신에서 패러럴 그립으로 몸을 끌어올리는 운동입니다. 등과 팔 근육을 발달시킵니다.', 'https://storage.googleapis.com/healthtartstorage/9849743e-c5e0-4fdc-aa3b-8e4c338bfeed-assisted_dip_chin.jpg', NULL),
                                                                                                                                                          (59, '중량 풀 업', '등', '중량을 추가하고 풀업 바에서 몸을 끌어올리는 운동입니다. 등 근육을 더 강하게 발달시킵니다.', NULL, NULL),
                                                                                                                                                          (60, '아처 풀 업', '등', '한 손으로 바를 잡고 다른 손으로 몸을 끌어올리는 운동입니다. 등과 팔 근육을 단련합니다.', NULL, NULL),
                                                                                                                                                          (61, '밴드 어시스트 풀 업', '등', '고무 밴드를 이용해 풀업을 보조하는 운동입니다. 초보자가 수행하기에 적합합니다.', 'https://storage.googleapis.com/healthtartstorage/9849743e-c5e0-4fdc-aa3b-8e4c338bfeed-assisted_dip_chin.jpg', NULL),
                                                                                                                                                          (62, '벤치 풀 업', '등', '벤치에 발을 올리고 몸을 끌어올리는 운동입니다. 등 근육을 강화합니다.', NULL, NULL),
                                                                                                                                                          (63, '버터플라이 풀 업', '등', '팔을 나비처럼 펴며 몸을 끌어올리는 운동입니다. 전신을 발달시키는 데 좋습니다.', 'https://storage.googleapis.com/healthtartstorage/9849743e-c5e0-4fdc-aa3b-8e4c338bfeed-assisted_dip_chin.jpg', NULL),
                                                                                                                                                          (64, '점프 풀 업', '등', '점프하여 풀업 바를 잡고 몸을 끌어올리는 운동입니다. 하체와 상체를 함께 강화합니다.', NULL, NULL),
                                                                                                                                                          (65, '어시스트 친 업', '등', '어시스트 머신을 사용해 친업을 수행하는 운동입니다. 등을 강화하는 데 효과적입니다.', 'https://storage.googleapis.com/healthtartstorage/9849743e-c5e0-4fdc-aa3b-8e4c338bfeed-assisted_dip_chin.jpg', NULL),
                                                                                                                                                          (66, '중량 친 업', '등', '중량을 추가하고 친업 바에서 몸을 끌어올리는 운동입니다. 등 근육을 더 강하게 발달시킵니다.', NULL, NULL),
                                                                                                                                                          (67, '밴드 어시스트 친 업', '등', '고무 밴드를 사용하여 친업을 보조하는 운동입니다. 초보자가 쉽게 할 수 있습니다.', NULL, NULL),
                                                                                                                                                          (68, '패러럴 그립 친 업', '등', '패러럴 그립으로 친업 바를 잡고 몸을 끌어올리는 운동입니다. 등을 균형 있게 강화합니다.', 'https://storage.googleapis.com/healthtartstorage/9849743e-c5e0-4fdc-aa3b-8e4c338bfeed-assisted_dip_chin.jpg', NULL),
                                                                                                                                                          (69, '클로즈 그립 친 업', '등', '가까운 간격으로 잡고 몸을 끌어올리는 운동입니다. 등이 집중적으로 발달합니다.', 'https://storage.googleapis.com/healthtartstorage/9849743e-c5e0-4fdc-aa3b-8e4c338bfeed-assisted_dip_chin.jpg', NULL),
                                                                                                                                                          (70, '클로즈 그립 케이블 랫 풀 다운', '등', '케이블 머신에서 가까운 간격으로 바를 당기는 운동입니다. 등을 강화하는 데 효과적입니다.', 'https://storage.googleapis.com/healthtartstorage/9849743e-c5e0-4fdc-aa3b-8e4c338bfeed-assisted_dip_chin.jpg', NULL),
                                                                                                                                                          (71, '패러럴 그립 랫 풀 다운', '등', '패러럴 그립으로 케이블 머신에서 바를 당기는 운동입니다. 등을 균형 있게 발달시킵니다.', 'https://storage.googleapis.com/healthtartstorage/6347d4f3-a29f-4500-9092-91f787fc0e33-cablecrossover.jpg', NULL),
                                                                                                                                                          (72, '언더핸드 케이블 랫 풀 다운', '등', '언더핸드 그립으로 케이블 머신에서 바를 당기는 운동입니다. 등이 강화됩니다.', 'https://storage.googleapis.com/healthtartstorage/6347d4f3-a29f-4500-9092-91f787fc0e33-cablecrossover.jpg', NULL),
                                                                                                                                                          (73, '로프 암 풀 다운', '등', '로프를 사용해 아래로 당기는 운동입니다. 팔과 등을 동시에 강화합니다.', NULL, NULL),
                                                                                                                                                          (74, '해머스트렝스 시티드 로우', '등', '해머스트렝스 머신을 이용해 앉아서 당기는 운동입니다. 등을 집중적으로 발달시킵니다.', NULL, NULL),
                                                                                                                                                          (75, '클로즈 그립 풀 업', '등', '가까운 간격으로 잡고 풀업 바에서 몸을 끌어올리는 운동입니다. 등이 집중적으로 발달합니다.', NULL, NULL),
                                                                                                                                                          (76, '와이드 그립 풀 업', '등', '넓은 간격으로 잡고 풀업 바에서 몸을 끌어올리는 운동입니다. 등이 더욱 강화됩니다.', NULL, NULL),
                                                                                                                                                          (77, '케이블 하이 로우', '등', '케이블 머신에서 위로 당기는 운동입니다. 등과 팔 근육을 발달시킵니다.', 'https://storage.googleapis.com/healthtartstorage/6347d4f3-a29f-4500-9092-91f787fc0e33-cablecrossover.jpg', NULL),
                                                                                                                                                          (78, '원 암 케이블 하이 로우', '등', '한 손으로 케이블을 위로 당기는 운동입니다. 등을 균형 있게 발달시킵니다.', 'https://storage.googleapis.com/healthtartstorage/6347d4f3-a29f-4500-9092-91f787fc0e33-cablecrossover.jpg', NULL),
                                                                                                                                                          (79, '엘싯 풀업', '등', '엘싯 머신에서 몸을 끌어올리는 운동입니다. 등을 집중적으로 강화합니다.', NULL, NULL),
                                                                                                                                                          (80, '원 암 풀업', '등', '한 손으로 풀업 바를 잡고 몸을 끌어올리는 운동입니다. 등 근육을 강화하는 데 좋습니다.', NULL, NULL),
                                                                                                                                                          (81, '해머 스트렝스 MTS 로우', '등', '해머스트렝스 MTS 머신에서 당기는 운동입니다. 등을 집중적으로 발달시킵니다.', NULL, NULL),
                                                                                                                                                          (82, '해머 스트렝스 MTS 하이 로우', '등', '해머스트렝스 MTS 머신에서 위로 당기는 운동입니다. 등을 발달시키는 데 효과적입니다.', NULL, NULL),
                                                                                                                                                          (83, '해머 스트렝스 MTS 프론트 풀다운', '등', '해머스트렝스 MTS 머신에서 앞쪽으로 당기는 운동입니다. 등의 중간을 강화합니다.', NULL, NULL),
                                                                                                                                                          (84, '해머 스트렝스 MTS D Y 로우', '등', '해머스트렝스 MTS 머신을 사용해 당기는 운동입니다. 등을 강화하는 데 도움을 줍니다.', NULL, NULL),
                                                                                                                                                          (85, '해머 스트렝스 프론트 랫 풀다운', '등', '해머스트렝스 머신에서 앞쪽으로 당기는 운동입니다. 등을 강화하는 데 효과적입니다.', NULL, NULL),
                                                                                                                                                          (86, '해머 스트렝스 하이 로우', '등', '해머스트렝스 머신에서 위로 당기는 운동입니다. 등을 집중적으로 발달시킵니다.', NULL, NULL),
                                                                                                                                                          (87, '해머 스트렝스 와이드 풀다운', '등', '해머스트렝스 머신에서 넓은 간격으로 당기는 운동입니다. 등을 강화하는 데 좋습니다.', NULL, NULL),
                                                                                                                                                          (88, '해머 스트렝스 루마니안 데드리프트', '등', '해머스트렝스 머신을 사용해 루마니안 데드리프트를 하는 운동입니다. 하체와 허리를 강화합니다.', NULL, NULL),
                                                                                                                                                          (89, '해머 스트렝스 MTS 원 암 D Y 로우', '등', '해머스트렝스 MTS 머신에서 한 손으로 당기는 운동입니다. 등을 집중적으로 발달시킵니다.', NULL, NULL),
                                                                                                                                                          (90, '해머 스트렝스 MTS 원 암 로우', '등', '해머스트렝스 MTS 머신을 사용해 한 손으로 당기는 운동입니다. 등을 강화하는 데 도움을 줍니다.', NULL, NULL),
                                                                                                                                                          (91, '해머 스트렝스 MTS 원 암 하이 로우', '등', '해머스트렝스 MTS 머신에서 한 손으로 위로 당기는 운동입니다. 등을 발달시키는 데 효과적입니다.', NULL, NULL),
                                                                                                                                                          (92, '해머 스트렝스 MTS 원 암 프론트 풀다운', '등', '해머스트렝스 MTS 머신에서 앞쪽으로 한 손으로 당기는 운동입니다. 등을 강화하는 데 좋습니다.', NULL, NULL),
                                                                                                                                                          (93, '해머 스트렝스 원 암 프론트 랫 풀다운', '등', '해머스트렝스 머신에서 한 손으로 앞쪽으로 당기는 운동입니다. 등을 집중적으로 발달시킵니다.', NULL, NULL),
                                                                                                                                                          (94, '해머 스트렝스 원 암 하이 로우', '등', '해머스트렝스 머신에서 한 손으로 위로 당기는 운동입니다. 등의 중간을 강화합니다.', NULL, NULL),
                                                                                                                                                          (95, '해머 스트렝스 원 암 와이드 풀다운', '등', '해머스트렝스 머신에서 한 손으로 넓은 간격으로 당기는 운동입니다. 등을 발달시키는 데 효과적입니다.', NULL, NULL),
                                                                                                                                                          (96, 'Panatta 슈퍼 로잉', '등', 'Panatta 머신에서 로우 운동을 하는 것입니다. 등의 근육을 효과적으로 강화합니다.', NULL, NULL),
                                                                                                                                                          (97, 'Panatta 슈퍼 하이 로우', '등', 'Panatta 머신에서 하이 로우 운동을 하는 것입니다. 등을 집중적으로 발달시킵니다.', NULL, NULL),
                                                                                                                                                          (98, '케이블 데드리프트', '등', '케이블을 이용해 바닥에서 끌어올리는 운동입니다. 전신 근육을 발달시키는 데 효과적입니다.', 'https://storage.googleapis.com/healthtartstorage/6347d4f3-a29f-4500-9092-91f787fc0e33-cablecrossover.jpg', NULL),
                                                                                                                                                          (99, '트랩바 데드리프트', '등', '트랩바를 잡고 바닥에서 들어올리는 운동입니다. 다리와 허리를 강화하는 데 도움을 줍니다.', NULL, NULL),
                                                                                                                                                          (100, '밴드 풀 어파트', '등', '고무 밴드를 당기는 운동입니다. 상체 근육과 등을 강화하는 데 좋습니다.', NULL, NULL),
                                                                                                                                                          (101, '닐링 푸시업 로우', '등', '무릎을 꿇고 푸시업 자세에서 로우를 하는 운동입니다. 상체와 코어를 강화합니다.', NULL, NULL),
                                                                                                                                                          (102, '핸드 릴리즈 푸시업', '등', '푸시업 자세에서 손을 잠시 들어올리고 다시 내려오는 운동입니다. 등 근육을 단련합니다.', NULL, NULL),
                                                                                                                                                          (103, '닐링 어퍼 백 로테이션', '등', '무릎을 꿇고 상체를 회전하는 운동입니다. 허리와 등을 유연하게 해줍니다.', NULL, NULL),
                                                                                                                                                          (104, '레그 풀', '등', '다리를 이용해 바닥에서 들어올리는 운동입니다. 하체와 등을 강화하는 데 좋습니다.', NULL, NULL),
                                                                                                                                                          (105, '벤트 니 라잉 플로어 로우', '등', '누운 상태에서 무릎을 세우고 덤벨을 당기는 운동입니다. 등을 강화하는 데 효과적입니다.', NULL, NULL),
                                                                                                                                                          (106, '실 푸시업', '등', '팔을 사용해 바닥에서 몸을 밀어내는 운동입니다. 상체와 등을 단련합니다.', NULL, NULL),
                                                                                                                                                          (107, '시티드 백 스퀴즈', '등', '앉은 자세에서 등을 이용해 물체를 압축하는 운동입니다. 등 근육을 강화합니다.', NULL, NULL),
                                                                                                                                                          (108, '시티드 비하인드 백 레이즈', '등', '앉아 있는 자세에서 등을 이용해 덤벨을 들어올리는 운동입니다. 등을 집중적으로 강화합니다.', 'https://storage.googleapis.com/healthtartstorage/619f8882-ef15-459e-ace9-b7196516b2ac-dumbbell.jpg', NULL),
                                                                                                                                                          (109, '시티드 펄스 백 스퀴즈', '등', '앉아 있는 자세에서 등을 이용해 물체를 압축하는 운동입니다. 등을 강화하는 데 도움을 줍니다.', NULL, NULL),
                                                                                                                                                          (110, '슬라이딩 레그 버드 독', '등', '팔과 다리를 동시에 들어 올리는 운동입니다. 코어와 등을 강화하는 데 좋습니다.', NULL, NULL),
                                                                                                                                                          (111, '스핑크스 자세', '등', '배를 대고 누운 상태에서 팔로 몸을 지탱하는 자세입니다. 등을 강화하는 데 도움을 줍니다.', NULL, NULL),
                                                                                                                                                          (112, '스탠딩 백 스퀴즈', '등', '서서 등을 이용해 물체를 압축하는 운동입니다. 등 근육을 강화합니다.', NULL, NULL),
                                                                                                                                                          (113, '스탠딩 로우 스위칭 팜스', '등', '서서 로우 운동을 하며 손의 방향을 바꾸는 운동입니다. 등을 발달시키는 데 효과적입니다.', NULL, NULL),
                                                                                                                                                          (114, '스탠딩 업라이트 팜스 백 스퀴즈', '등', '서서 팔을 이용해 물체를 압축하는 운동입니다. 등을 집중적으로 강화합니다.', NULL, NULL),
                                                                                                                                                          (115, '스위머 킥스', '등', '엎드린 상태에서 팔과 다리를 번갈아가며 움직이는 운동입니다. 등을 강화하는 데 좋습니다.', NULL, NULL),
                                                                                                                                                          (116, '닐링 백 로테이션 스트레치', '등', '무릎을 꿇고 상체를 회전하는 스트레칭입니다. 허리와 등을 유연하게 해줍니다.', NULL, NULL),
                                                                                                                                                          (117, '라잉 랫 풀다운', '등', '누운 자세에서 랫 풀다운 운동을 수행하는 것입니다. 등을 집중적으로 발달시킵니다.', NULL, NULL),
                                                                                                                                                          (118, '라잉 프론 W 투 T', '등', '누운 자세에서 팔을 W와 T 모양으로 움직이는 운동입니다. 등을 강화하는 데 도움을 줍니다.', NULL, NULL),
                                                                                                                                                          (119, '라잉 프론 W 투 Y', '등', '누운 자세에서 팔을 W와 Y 모양으로 움직이는 운동입니다. 등을 집중적으로 발달시킵니다.', NULL, NULL),
                                                                                                                                                          (120, '라잉 리버스 푸시업', '등', '누운 상태에서 상체를 들어올리는 운동입니다. 등을 강화하는 데 효과적입니다.', NULL, NULL),
                                                                                                                                                          (121, '팜 프레스 백', '등', '팔꿈치를 구부려 손바닥을 바닥에 대고 상체를 들어올리는 운동입니다. 등을 강화하는 데 좋습니다.', NULL, NULL),
                                                                                                                                                          (122, '플랭크 암 리프트', '등', '플랭크 자세에서 한 손을 들어올리는 운동입니다. 코어와 등을 강화합니다.', NULL, NULL),
                                                                                                                                                          (123, '펄스 로우', '등', '로우 운동을 하면서 짧게 당기는 운동입니다. 등을 집중적으로 발달시킵니다.', NULL, NULL),
                                                                                                                                                          (124, '퍼즈 데드리프트', '등', '잠시 멈추고 데드리프트를 수행하는 운동입니다. 근육을 강화하는 데 효과적입니다.', NULL, NULL),
                                                                                                                                                          (125, '버티컬 트랙션', '등', '세로로 몸을 들어 올리는 운동입니다. 등을 강화하는 데 좋습니다.', NULL, NULL),
                                                                                                                                                          (126, 'TRX 로우', '등', 'TRX 밴드를 이용해 당기는 운동입니다. 등의 근육을 강화하는 데 도움을 줍니다.', NULL, NULL),
                                                                                                                                                          (127, '헤드스탠드', '등', '헤드스탠드를 하며 몸의 균형을 잡는 운동입니다. 코어와 등을 강화합니다.', NULL, NULL),
                                                                                                                                                          (128, '플레이트 로디드 레터럴 로우', '등', '플레이트를 들고 측면으로 당기는 운동입니다. 등을 집중적으로 발달시킵니다.', NULL, NULL),
                                                                                                                                                          (129, '언더 그립 시티드 케이블 로우', '등', '언더 그립으로 앉아서 케이블을 당기는 운동입니다. 등을 강화하는 데 좋습니다.', 'https://storage.googleapis.com/healthtartstorage/6347d4f3-a29f-4500-9092-91f787fc0e33-cablecrossover.jpg', NULL),
                                                                                                                                                          (130, '리니어 로우 머신', '등', '리니어 머신을 이용해 당기는 운동입니다. 등을 발달시키는 데 효과적입니다.', NULL, NULL),
                                                                                                                                                          (131, '벤트 오버 로우 머신', '등', '벤트 오버 자세에서 로우 머신을 이용해 당기는 운동입니다. 등을 집중적으로 발달시킵니다.', NULL, NULL),
                                                                                                                                                          (132, '벤치 프레스', '가슴', '벤치에 누워 바벨을 들어올리는 운동입니다. 가슴 근육을 강화하는 데 좋습니다.', 'https://storage.googleapis.com/healthtartstorage/2b592f99-74a2-42ae-a652-3103ea13cd80-benchpress.jpg', NULL),
                                                                                                                                                          (133, '덤벨 벤치 프레스', '가슴', '벤치에 누워 덤벨을 들어올리는 운동입니다. 가슴을 집중적으로 발달시킵니다.', 'https://storage.googleapis.com/healthtartstorage/619f8882-ef15-459e-ace9-b7196516b2ac-dumbbell.jpg', NULL),
                                                                                                                                                          (134, '덤벨 풀오버', '가슴', '벤치에 누워 덤벨을 위로 당기는 운동입니다. 가슴과 등 근육을 강화합니다.', 'https://storage.googleapis.com/healthtartstorage/619f8882-ef15-459e-ace9-b7196516b2ac-dumbbell.jpg', NULL),
                                                                                                                                                          (135, '펙덱 플라이', '가슴', '펙덱 머신에서 가슴을 모으는 운동입니다. 가슴 근육을 강화하는 데 효과적입니다.', NULL, NULL),
                                                                                                                                                          (136, '덤벨 플라이', '가슴', '벤치에 누워 덤벨을 양옆으로 벌리는 운동입니다. 가슴을 강화하는 데 좋습니다.', 'https://storage.googleapis.com/healthtartstorage/619f8882-ef15-459e-ace9-b7196516b2ac-dumbbell.jpg', NULL),
                                                                                                                                                          (137, '푸쉬업', '가슴', '바닥에 누워 팔을 이용해 몸을 밀어내는 운동입니다. 가슴과 상체를 발달시킵니다.', NULL, NULL),
                                                                                                                                                          (138, '케이블 크로스오버', '가슴', '케이블 머신에서 팔을 교차하여 당기는 운동입니다. 가슴 근육을 집중적으로 발달시킵니다.', 'https://storage.googleapis.com/healthtartstorage/6347d4f3-a29f-4500-9092-91f787fc0e33-cablecrossover.jpg', NULL),
                                                                                                                                                          (139, '딥스', '가슴', '딥스 머신에서 몸을 아래로 내려갔다가 올리는 운동입니다. 가슴과 팔 근육을 강화합니다.', NULL, NULL),
                                                                                                                                                          (140, '체스트 프레스 머신', '가슴', '체스트 프레스 머신에서 바를 밀어내는 운동입니다. 가슴 근육을 발달시키는 데 효과적입니다.', 'https://storage.googleapis.com/healthtartstorage/659e61a7-390a-4c5f-9d8b-50a45a4a01f4-chestpress.jpg', NULL),
                                                                                                                                                          (141, '스미스 머신 벤치 프레스', '가슴', '스미스 머신을 이용해 벤치 프레스를 하는 운동입니다. 안정적으로 가슴 근육을 강화합니다.', 'https://storage.googleapis.com/healthtartstorage/d2b22034-f6f8-46c6-a2e0-f22a85f96d57-smithmachine.jpg', NULL),
                                                                                                                                                          (142, '디클라인 벤치 프레스', '가슴', '내려간 벤치에서 바벨을 밀어내는 운동입니다. 가슴 아랫부분을 집중적으로 발달시킵니다.', 'https://storage.googleapis.com/healthtartstorage/3fa4bfac-6897-49b3-abff-c24c87a2fa45-declinebenchpress.jpg', NULL),
                                                                                                                                                          (143, '디클라인 덤벨 벤치 프레스', '가슴', '내려간 벤치에서 덤벨을 밀어내는 운동입니다. 가슴을 강화하는 데 효과적입니다.', 'https://storage.googleapis.com/healthtartstorage/3fa4bfac-6897-49b3-abff-c24c87a2fa45-declinebenchpress.jpg', NULL),
                                                                                                                                                          (144, '인클라인 벤치 프레스', '가슴', '올려진 벤치에서 바벨을 밀어내는 운동입니다. 가슴 윗부분을 강화하는 데 좋습니다.', 'https://storage.googleapis.com/healthtartstorage/2b504152-cf32-4adb-b951-4e3da6824a09-inclinebenchpress.jpg', NULL),
                                                                                                                                                          (145, '인클라인 덤벨 벤치 프레스', '가슴', '올려진 벤치에서 덤벨을 밀어내는 운동입니다. 가슴 윗부분을 집중적으로 발달시킵니다.', 'https://storage.googleapis.com/healthtartstorage/cf780b34-d1db-4467-82a0-d05491640838-inclinebench.jpg', NULL),
                                                                                                                                                          (146, '로우 케이블 크로스오버', '가슴', '로우 케이블 머신에서 팔을 아래로 당기는 운동입니다. 가슴 근육을 강화하는 데 효과적입니다.', 'https://storage.googleapis.com/healthtartstorage/6347d4f3-a29f-4500-9092-91f787fc0e33-cablecrossover.jpg', NULL),
                                                                                                                                                          (147, '케이블 벤치 프레스', '가슴', '케이블 머신에서 벤치 프레스를 수행하는 운동입니다. 가슴을 발달시키는 데 도움을 줍니다.', NULL, NULL),
                                                                                                                                                          (148, '밴드 체스트 프레스', '가슴', '고무 밴드를 사용해 체스트 프레스를 하는 운동입니다. 가슴 근육을 강화하는 데 좋습니다.', NULL, NULL),
                                                                                                                                                          (149, '디클라인 스미스 머신 벤치 프레스', '가슴', '디클라인 스미스 머신에서 벤치 프레스를 하는 운동입니다. 가슴을 집중적으로 발달시킵니다.', 'https://storage.googleapis.com/healthtartstorage/d2b22034-f6f8-46c6-a2e0-f22a85f96d57-smithmachine.jpg', NULL),
                                                                                                                                                          (150, '인클라인 스미스 머신 벤치 프레스', '가슴', '인클라인 스미스 머신에서 벤치 프레스를 하는 운동입니다. 가슴 윗부분을 강화하는 데 효과적입니다.', 'https://storage.googleapis.com/healthtartstorage/d2b22034-f6f8-46c6-a2e0-f22a85f96d57-smithmachine.jpg', NULL),
                                                                                                                                                          (151, '인클라인 케이블 벤치 프레스', '가슴', '인클라인 벤치에서 케이블을 사용해 프레스를 하는 운동입니다. 가슴을 발달시키는 데 도움을 줍니다.', 'https://storage.googleapis.com/healthtartstorage/cf780b34-d1db-4467-82a0-d05491640838-inclinebench.jpg', NULL),
                                                                                                                                                          (152, '인클라인 벤치 프레스 머신', '가슴', '인클라인 벤치 프레스 머신에서 바를 밀어내는 운동입니다. 가슴 근육을 강화합니다.', 'https://storage.googleapis.com/healthtartstorage/f6b9fbdb-0a35-459e-b4d0-6089a2448cbc-inclinechestpress.jpg', NULL),
                                                                                                                                                          (153, '인클라인 덤벨 플라이', '가슴', '올려진 벤치에서 덤벨을 벌리는 운동입니다. 가슴 근육을 집중적으로 발달시킵니다.', 'https://storage.googleapis.com/healthtartstorage/cf780b34-d1db-4467-82a0-d05491640838-inclinebench.jpg', NULL),
                                                                                                                                                          (154, '디클라인 벤치 프레스 머신', '가슴', '디클라인 벤치 프레스 머신에서 바를 밀어내는 운동입니다. 가슴을 강화하는 데 효과적입니다.', 'https://storage.googleapis.com/healthtartstorage/3fa4bfac-6897-49b3-abff-c24c87a2fa45-declinebenchpress.jpg', NULL),
                                                                                                                                                          (155, '인클라인 케이블 플라이', '가슴', '인클라인 상태에서 케이블로 벌리는 운동입니다. 가슴 근육을 집중적으로 발달시킵니다.', NULL, NULL),
                                                                                                                                                          (156, '인클라인 푸쉬업', '가슴', '올려진 벤치에서 푸쉬업을 수행하는 운동입니다. 가슴을 강화하는 데 효과적입니다.', NULL, NULL),
                                                                                                                                                          (157, '해머 벤치 프레스', '가슴', '해머 머신을 사용해 벤치 프레스를 하는 운동입니다. 가슴 근육을 강화하는 데 좋습니다.', NULL, NULL),
                                                                                                                                                          (158, '원 암 덤벨 벤치프레스', '가슴', '한 손으로 덤벨을 들어 올리는 벤치 프레스 운동입니다. 가슴을 집중적으로 발달시킵니다.', 'https://storage.googleapis.com/healthtartstorage/619f8882-ef15-459e-ace9-b7196516b2ac-dumbbell.jpg', NULL),
                                                                                                                                                          (159, '디클라인 푸쉬업', '가슴', '내려간 자세에서 푸쉬업을 수행하는 운동입니다. 가슴을 강화하는 데 효과적입니다.', NULL, NULL),
                                                                                                                                                          (160, '숄더 탭 푸쉬업', '가슴', '푸쉬업 자세에서 한 손으로 어깨를 터치하는 운동입니다. 코어와 가슴을 동시에 강화합니다.', NULL, NULL),
                                                                                                                                                          (161, '니 푸쉬업', '가슴', '무릎을 꿇고 푸쉬업을 수행하는 운동입니다. 가슴을 강화하는 데 적합합니다.', NULL, NULL),
                                                                                                                                                          (162, '바벨 풀오버', '가슴', '바벨을 들고 누운 자세에서 위로 당기는 운동입니다. 가슴과 등을 발달시킵니다.', NULL, NULL),
                                                                                                                                                          (163, '벤치 케이블 플라이', '가슴', '벤치에 앉아 케이블을 이용해 가슴을 벌리는 운동입니다. 가슴 근육을 집중적으로 발달시킵니다.', NULL, NULL),
                                                                                                                                                          (164, '아처 푸쉬업', '가슴', '한쪽 팔로 몸을 지탱하며 푸쉬업을 수행하는 운동입니다. 가슴과 팔 근육을 강화합니다.', NULL, NULL),
                                                                                                                                                          (165, '다이아몬드 푸쉬업', '가슴', '손을 모아 다이아몬드 모양으로 푸쉬업을 수행하는 운동입니다. 가슴과 팔 근육을 집중적으로 강화합니다.', NULL, NULL),
                                                                                                                                                          (166, '와이드 푸쉬업', '가슴', '팔을 넓게 벌려 푸쉬업을 수행하는 운동입니다. 가슴을 강화하는 데 효과적입니다.', NULL, NULL),
                                                                                                                                                          (167, '오버헤드 가슴 스트레칭', '가슴', '팔을 위로 쭉 펴고 가슴을 스트레칭하는 운동입니다. 유연성을 높이는 데 도움을 줍니다.', NULL, NULL),
                                                                                                                                                          (168, '상체 비틀기 스트레칭', '가슴', '상체를 비틀며 가슴을 스트레칭하는 운동입니다. 유연성을 높이는 데 좋습니다.', NULL, NULL),
                                                                                                                                                          (169, '상체 비틀기', '가슴', '상체를 비틀어 가슴을 스트레칭하는 운동입니다. 유연성을 높이는 데 도움을 줍니다.', NULL, NULL),
                                                                                                                                                          (170, '사이드 스트레칭', '가슴', '한쪽 팔을 위로 쭉 뻗고 몸을 옆으로 기울이는 스트레칭입니다. 가슴과 옆구리를 스트레칭합니다.', NULL, NULL),
                                                                                                                                                          (171, '상체 스트레칭', '가슴', '상체를 뒤로 젖히며 가슴을 스트레칭하는 운동입니다. 유연성을 높이는 데 좋습니다.', NULL, NULL),
                                                                                                                                                          (172, '파르페 소스 스트레칭', '가슴', '팔을 쭉 펴고 가슴을 스트레칭하는 운동입니다. 유연성을 높이는 데 효과적입니다.', NULL, NULL),
                                                                                                                                                          (173, '케이블 가슴 스트레칭', '가슴', '케이블 머신에서 팔을 벌리며 가슴을 스트레칭하는 운동입니다. 유연성을 높이는 데 도움을 줍니다.', NULL, NULL),
                                                                                                                                                          (174, '닐링 상체 스트레칭', '가슴', '무릎을 꿇고 상체를 뒤로 젖히며 스트레칭하는 운동입니다. 유연성을 높이는 데 좋습니다.', NULL, NULL),
                                                                                                                                                          (175, '슬라이딩 체스트 스트레칭', '가슴', '슬라이딩 자세에서 팔을 벌려 가슴을 스트레칭하는 운동입니다. 유연성을 높이는 데 효과적입니다.', NULL, NULL),
                                                                                                                                                          (176, '핸드클랩 푸쉬업', '가슴', '푸쉬업을 하면서 손을 쳐내는 운동입니다. 가슴과 팔 근육을 집중적으로 발달시킵니다.', NULL, NULL),
                                                                                                                                                          (177, '메리 푸쉬업', '가슴', '메리 한 다리로 푸쉬업을 수행하는 운동입니다. 가슴과 하체를 강화합니다.', NULL, NULL),
                                                                                                                                                          (178, '치킨 푸쉬업', '가슴', '치킨 자세에서 푸쉬업을 수행하는 운동입니다. 가슴을 강화하는 데 효과적입니다.', NULL, NULL),
                                                                                                                                                          (179, '스프레드 푸쉬업', '가슴', '팔을 벌리고 푸쉬업을 수행하는 운동입니다. 가슴과 상체를 발달시킵니다.', NULL, NULL),
                                                                                                                                                          (180, '스위치 푸쉬업', '가슴', '팔을 번갈아 가며 푸쉬업을 수행하는 운동입니다. 코어와 가슴을 강화합니다.', NULL, NULL),
                                                                                                                                                          (181, '체스트 롤 아웃', '가슴', '체스트 롤 머신에서 팔을 앞쪽으로 당기는 운동입니다. 가슴과 팔 근육을 강화하는 데 좋습니다.', NULL, NULL),
                                                                                                                                                          (182, '체스트 롤 인', '가슴', '체스트 롤 머신에서 팔을 뒤쪽으로 당기는 운동입니다. 가슴과 팔 근육을 발달시킵니다.', NULL, NULL),
                                                                                                                                                          (183, '사이드 체스트 플라이', '가슴', '한쪽 팔로 체스트 플라이 운동을 하는 것입니다. 가슴을 집중적으로 발달시킵니다.', NULL, NULL),
                                                                                                                                                          (184, '체스트 스트레칭', '가슴', '팔을 올리고 가슴을 스트레칭하는 운동입니다. 유연성을 높이는 데 좋습니다.', NULL, NULL),
                                                                                                                                                          (185, '체스트 릴리즈', '가슴', '팔을 아래로 내리며 가슴을 이완하는 운동입니다. 유연성을 높이는 데 도움을 줍니다.', NULL, NULL),
                                                                                                                                                          (186, '피시 테일 푸쉬업', '가슴', '손을 넓게 벌리고 푸쉬업을 수행하는 운동입니다. 가슴을 강화하는 데 효과적입니다.', NULL, NULL),
                                                                                                                                                          (187, '야디 푸쉬업', '가슴', '한쪽 손으로 푸쉬업을 수행하는 운동입니다. 가슴을 집중적으로 발달시킵니다.', NULL, NULL),
                                                                                                                                                          (188, '핑거 푸쉬업', '가슴', '손가락을 이용해 푸쉬업을 수행하는 운동입니다. 가슴과 손가락을 발달시킵니다.', NULL, NULL),
                                                                                                                                                          (189, '팔 스윙 스트레칭', '가슴', '팔을 흔들며 가슴을 스트레칭하는 운동입니다. 유연성을 높이는 데 좋습니다.', NULL, NULL),
                                                                                                                                                          (190, '제트 슈터', '가슴', '팔을 벌리고 제트 슈터를 하는 운동입니다. 가슴을 강화하는 데 효과적입니다.', NULL, NULL),
                                                                                                                                                          (191, '플로어 플라이트', '가슴', '바닥에서 팔을 벌리며 플라이트를 수행하는 운동입니다. 가슴과 팔 근육을 발달시킵니다.', NULL, NULL),
                                                                                                                                                          (192, '홀리 핸드 푸쉬업', '가슴', '팔을 올리고 푸쉬업을 수행하는 운동입니다. 가슴을 집중적으로 발달시킵니다.', NULL, NULL),
                                                                                                                                                          (193, '스와이프 푸쉬업', '가슴', '팔을 스와이프하며 푸쉬업을 수행하는 운동입니다. 가슴을 강화하는 데 효과적입니다.', NULL, NULL),
                                                                                                                                                          (194, '파라렐 푸쉬업', '가슴', '평행한 상태에서 푸쉬업을 수행하는 운동입니다. 가슴을 집중적으로 발달시킵니다.', NULL, NULL),
                                                                                                                                                          (195, '점핑 푸쉬업', '가슴', '점프하며 푸쉬업을 수행하는 운동입니다. 가슴과 하체를 동시에 발달시킵니다.', NULL, NULL),
                                                                                                                                                          (196, '점핑 체스트 푸쉬업', '가슴', '점프하며 체스트 푸쉬업을 수행하는 운동입니다. 가슴을 집중적으로 발달시킵니다.', NULL, NULL),
                                                                                                                                                          (197, '스위밍 푸쉬업', '가슴', '수영하는 자세로 푸쉬업을 수행하는 운동입니다. 가슴과 팔 근육을 발달시킵니다.', NULL, NULL),
                                                                                                                                                          (198, '스웨덴 푸쉬업', '가슴', '스웨덴 자세에서 푸쉬업을 수행하는 운동입니다. 가슴을 강화하는 데 효과적입니다.', NULL, NULL),
                                                                                                                                                          (199, '리프팅 푸쉬업', '가슴', '리프팅 자세에서 푸쉬업을 수행하는 운동입니다. 가슴을 집중적으로 발달시킵니다.', NULL, NULL),
                                                                                                                                                          (200, '푸쉬업 아트', '가슴', '아트 스타일의 푸쉬업을 수행하는 운동입니다. 가슴을 강화하는 데 효과적입니다.', NULL, NULL),
                                                                                                                                                          (201, '해머 스트렝스 디클라인 체스트 프레스', '가슴', '해머 스트렝스 머신을 이용하여 아래쪽 가슴을 강화하는 운동입니다.', NULL, NULL),
                                                                                                                                                          (202, '해머 스트렝스 원 암 디클라인 체스트 프레스', '가슴', '한쪽 팔로 아래쪽 가슴을 집중적으로 발달시키는 운동입니다.', NULL, NULL),
                                                                                                                                                          (203, '해머 스트렝스 MTS 원 암 인클라인 프레스', '가슴', '인클라인 자세에서 한쪽 팔로 가슴을 밀어내는 운동입니다.', NULL, NULL),
                                                                                                                                                          (204, '해머 스트렝스 MTS 원 암 디클라인 프레스', '가슴', '디클라인 자세에서 한쪽 팔로 가슴을 강화하는 운동입니다.', NULL, NULL),
                                                                                                                                                          (205, '해머 스트렝스 MTS 원 암 체스트 프레스', '가슴', '한쪽 팔로 가슴을 밀어내는 운동으로, 가슴 근육을 집중적으로 발달시킵니다.', NULL, NULL),
                                                                                                                                                          (206, '해머 스트렝스 원 암 벤치 프레스', '가슴', '한쪽 팔로 벤치에 누워 가슴을 강화하는 운동입니다.', NULL, NULL),
                                                                                                                                                          (207, '해머 스트렝스 원 암 와이드 체스트', '가슴', '한쪽 팔로 넓은 자세로 가슴을 밀어내는 운동입니다.', NULL, NULL),
                                                                                                                                                          (208, '잭해머 푸쉬다운', '가슴', '잭해머 머신을 이용해 가슴을 아래로 밀어내는 운동입니다.', NULL, NULL),
                                                                                                                                                          (209, '얼터네이트 덤벨 벤치 프레스', '가슴', '두 개의 덤벨을 번갈아가며 밀어내는 운동입니다.', NULL, NULL),
                                                                                                                                                          (210, '벤치 프레스 머신', '가슴', '벤치 프레스 머신에서 가슴을 강화하는 운동입니다.', 'https://storage.googleapis.com/healthtartstorage/96e557a7-0ff3-4cc3-84df-88d8a5c22ccd-benchpressmachine.jpg', NULL),
                                                                                                                                                          (211, '인클라인 해머 벤치 프레스', '가슴', '인클라인 벤치에서 해머 머신을 이용해 가슴을 강화하는 운동입니다.', NULL, NULL),
                                                                                                                                                          (212, '정지 푸쉬업', '가슴', '푸쉬업 자세에서 잠시 멈추며 가슴 근육을 강화하는 운동입니다.', NULL, NULL),
                                                                                                                                                          (213, '케이블 체스트 프레스', '가슴', '케이블 머신을 이용해 가슴을 밀어내는 운동입니다.', 'https://storage.googleapis.com/healthtartstorage/6347d4f3-a29f-4500-9092-91f787fc0e33-cablecrossover.jpg', NULL),
                                                                                                                                                          (214, '풀오버 머신 (가슴 집중)', '가슴', '풀오버 머신에서 가슴을 집중적으로 발달시키는 운동입니다.', NULL, NULL),
                                                                                                                                                          (215, '토쳐 펙 덱 플라이 머신', '가슴', '펙 덱 머신에서 가슴을 모으는 운동으로, 가슴 근육을 발달시킵니다.', NULL, NULL),
                                                                                                                                                          (216, '이지바 벤치 프레스', '가슴', '이지바를 이용해 벤치에 누워 가슴을 강화하는 운동입니다.', NULL, NULL),
                                                                                                                                                          (217, '암 크로스오버', '가슴', '케이블 머신에서 팔을 교차하여 가슴을 강화하는 운동입니다.', NULL, NULL),
                                                                                                                                                          (218, '베어 푸쉬업', '가슴', '무릎을 땅에 대고 푸쉬업을 수행하는 운동으로, 가슴을 강화합니다.', NULL, NULL),
                                                                                                                                                          (219, '스탠딩 엘보우 터치', '가슴', '서서 한쪽 팔꿈치를 반대쪽 무릎에 대는 운동입니다.', NULL, NULL),
                                                                                                                                                          (220, '스탠딩 얼터네이트 체스트 플라이', '가슴', '서서 양쪽 팔로 덤벨을 벌려주는 운동입니다.', NULL, NULL),
                                                                                                                                                          (221, '스탠딩 플라이', '가슴', '서서 덤벨을 사용해 가슴을 벌리는 운동입니다.', NULL, NULL),
                                                                                                                                                          (222, '스탠딩 스트레이트 암 체스트 플라이', '가슴', '팔을 곧게 펴고 덤벨을 벌리는 운동입니다.', NULL, NULL),
                                                                                                                                                          (223, '체스트 플라이 앤 프레스업', '가슴', '체스트 플라이와 프레스 동작을 결합한 운동입니다.', NULL, NULL),
                                                                                                                                                          (224, '코브라 푸쉬업', '가슴', '코브라 자세에서 푸쉬업을 수행하는 운동입니다.', NULL, NULL),
                                                                                                                                                          (225, '크리스 크로스 암 리프트', '가슴', '팔을 교차하여 들어올리는 운동입니다.', NULL, NULL),
                                                                                                                                                          (226, '크리스 크로스 암 프레이어 푸쉬', '가슴', '팔을 교차하며 푸쉬업을 수행하는 운동입니다.', NULL, NULL),
                                                                                                                                                          (227, '닐링 코브라 푸쉬업', '가슴', '무릎을 꿇고 코브라 자세로 푸쉬업을 수행하는 운동입니다.', NULL, NULL),
                                                                                                                                                          (228, '닐링 숄더탭 푸쉬업', '가슴', '무릎을 꿇고 한쪽 손으로 반대편 어깨를 터치하는 운동입니다.', NULL, NULL),
                                                                                                                                                          (229, '레이 다운 푸쉬업', '가슴', '누워서 푸쉬업을 수행하는 운동입니다.', NULL, NULL),
                                                                                                                                                          (230, '라잉 플로어 플라이', '가슴', '바닥에서 덤벨을 벌리는 운동입니다.', NULL, NULL),
                                                                                                                                                          (231, '푸쉬업 플러스', '가슴', '푸쉬업 자세에서 추가적으로 상체를 들어올리는 운동입니다.', NULL, NULL),
                                                                                                                                                          (232, '로테이팅 푸쉬업', '가슴', '푸쉬업을 하며 팔을 회전시키는 운동입니다.', NULL, NULL),
                                                                                                                                                          (233, '로테이셔널 푸쉬업 니 탭', '가슴', '푸쉬업을 하며 한쪽 무릎을 터치하는 운동입니다.', NULL, NULL),
                                                                                                                                                          (234, 'TRX 체스트 프레스 투 롤 아웃', '가슴', 'TRX를 이용해 체스트 프레스를 수행한 후 롤 아웃하는 운동입니다.', NULL, NULL),
                                                                                                                                                          (235, '스포토 프레스', '가슴', '스포토 머신을 이용해 가슴을 밀어내는 운동입니다.', NULL, NULL),
                                                                                                                                                          (236, '스탠딩 덤벨 플라이', '가슴', '서서 덤벨을 사용해 가슴을 벌리는 운동입니다.', 'https://storage.googleapis.com/healthtartstorage/619f8882-ef15-459e-ace9-b7196516b2ac-dumbbell.jpg', NULL),
                                                                                                                                                          (237, '버티컬 체스트 프레스', '가슴', '버티컬 머신에서 가슴을 밀어내는 운동입니다.', NULL, NULL),
                                                                                                                                                          (238, '스탠딩 케이블 플라이', '가슴', '케이블 머신을 이용해 서서 가슴을 벌리는 운동입니다.', 'https://storage.googleapis.com/healthtartstorage/6347d4f3-a29f-4500-9092-91f787fc0e33-cablecrossover.jpg', NULL),
                                                                                                                                                          (239, '스탠딩 디클라인 플라이 머신', '가슴', '디클라인 플라이 머신을 이용해 서서 가슴을 벌리는 운동입니다.', NULL, NULL),
                                                                                                                                                          (240, '디클라인 덤벨 플라이', '가슴', '디클라인 자세에서 덤벨을 벌리는 운동입니다.', NULL, NULL),
                                                                                                                                                          (241, '오버헤드 프레스', '어깨', '머리 위로 바벨이나 덤벨을 밀어내는 운동입니다.', 'https://storage.googleapis.com/healthtartstorage/619f8882-ef15-459e-ace9-b7196516b2ac-dumbbell.jpg', NULL),
                                                                                                                                                          (242, '덤벨 숄더 프레스', '어깨', '덤벨을 이용해 어깨 위로 밀어내는 운동입니다.', 'https://storage.googleapis.com/healthtartstorage/619f8882-ef15-459e-ace9-b7196516b2ac-dumbbell.jpg', NULL),
                                                                                                                                                          (243, '덤벨 레터럴 레이즈', '어깨', '옆으로 팔을 들어올려 어깨를 강화하는 운동입니다.', 'https://storage.googleapis.com/healthtartstorage/619f8882-ef15-459e-ace9-b7196516b2ac-dumbbell.jpg', NULL),
                                                                                                                                                          (244, '숄더 프레스 머신', '어깨', '숄더 프레스 머신에서 어깨를 강화하는 운동입니다.', 'https://storage.googleapis.com/healthtartstorage/9644fd3c-8012-426c-a7ce-672bce05f360-shoulderpress.jpg', NULL),
                                                                                                                                                          (245, '레터럴 레이즈 머신', '어깨', '레터럴 레이즈 머신을 이용해 어깨를 발달시키는 운동입니다.', NULL, NULL),
                                                                                                                                                          (246, '시티드 오버헤드 프레스', '어깨', '앉아서 머리 위로 바벨이나 덤벨을 밀어내는 운동입니다.', 'https://storage.googleapis.com/healthtartstorage/619f8882-ef15-459e-ace9-b7196516b2ac-dumbbell.jpg', NULL),
                                                                                                                                                          (247, '덤벨 프론트 레이즈', '어깨', '앞으로 팔을 들어올려 어깨를 강화하는 운동입니다.', 'https://storage.googleapis.com/healthtartstorage/619f8882-ef15-459e-ace9-b7196516b2ac-dumbbell.jpg', NULL),
                                                                                                                                                          (248, '바벨 프론트 레이즈', '어깨', '바벨을 이용해 앞쪽으로 들어올리는 운동입니다.', NULL, NULL),
                                                                                                                                                          (249, '페이스 풀', '어깨', '케이블을 당겨 얼굴 쪽으로 밀어내는 운동입니다.', NULL, NULL),
                                                                                                                                                          (250, '리버스 케이블 플라이', '어깨', '케이블 머신을 이용해 팔을 뒤로 벌리는 운동입니다.', NULL, NULL),
                                                                                                                                                          (251, '바벨 슈러그', '어깨', '바벨을 어깨 높이로 들어올리는 운동입니다.', NULL, NULL),
                                                                                                                                                          (252, '펙 덱 리어 델트', '어깨', '펙 덱 머신을 이용해 어깨 뒤쪽을 발달시키는 운동입니다.', NULL, NULL),
                                                                                                                                                          (253, '아놀드 프레스', '어깨', '팔을 회전시키며 덤벨을 밀어내는 운동입니다.', NULL, NULL),
                                                                                                                                                          (254, '벤트 오버 레터럴 레이즈', '어깨', '상체를 기울여서 옆으로 덤벨을 들어올리는 운동입니다.', NULL, NULL),
                                                                                                                                                          (255, '스미스 머신 오버헤드 프레스', '어깨', '스미스 머신을 이용해 머리 위로 밀어내는 운동입니다.', NULL, NULL),
                                                                                                                                                          (256, '밴드 프론트 레이즈', '어깨', '밴드를 이용해 앞쪽으로 팔을 들어올리는 운동입니다.', NULL, NULL),
                                                                                                                                                          (257, '플레이트 프론트 레이즈', '어깨', '플레이트를 이용해 앞쪽으로 들어올리는 운동입니다.', NULL, NULL),
                                                                                                                                                          (258, '케이블 프론트 레이즈', '어깨', '케이블을 이용해 앞쪽으로 팔을 들어올리는 운동입니다.', NULL, NULL),
                                                                                                                                                          (259, '밴드 레터럴 레이즈', '어깨', '밴드를 이용해 옆으로 팔을 들어올리는 운동입니다.', NULL, NULL),
                                                                                                                                                          (260, '케이블 레터럴 레이즈', '어깨', '케이블을 이용해 옆으로 팔을 들어올리는 운동입니다.', 'https://storage.googleapis.com/healthtartstorage/6347d4f3-a29f-4500-9092-91f787fc0e33-cablecrossover.jpg', NULL),
                                                                                                                                                          (261, '케이블 숄더 프레스', '어깨', '케이블 머신을 이용해 어깨를 밀어내는 운동입니다.', 'https://storage.googleapis.com/healthtartstorage/6347d4f3-a29f-4500-9092-91f787fc0e33-cablecrossover.jpg', NULL),
                                                                                                                                                          (262, '덤벨 슈러그', '어깨', '덤벨을 어깨 높이로 들어올리는 운동입니다.', NULL, NULL),
                                                                                                                                                          (263, '바벨 업라이트 로우', '어깨', '바벨을 몸 앞으로 끌어당기는 운동입니다.', NULL, NULL),
                                                                                                                                                          (264, '덤벨 업라이트 로우', '어깨', '덤벨을 몸 앞으로 끌어당기는 운동입니다.', NULL, NULL),
                                                                                                                                                          (265, '스미스 머신 슈러그', '어깨', '스미스 머신을 이용해 어깨를 들어올리는 운동입니다.', 'https://storage.googleapis.com/healthtartstorage/d2b22034-f6f8-46c6-a2e0-f22a85f96d57-smithmachine.jpg', NULL),
                                                                                                                                                          (266, '비하인드 넥 프레스', '어깨', '머리 뒤로 바벨을 밀어내는 운동입니다.', NULL, NULL),
                                                                                                                                                          (267, '스미스 머신 비하인드 넥 프레스', '어깨', '스미스 머신을 이용해 머리 뒤로 밀어내는 운동입니다.', 'https://storage.googleapis.com/healthtartstorage/d2b22034-f6f8-46c6-a2e0-f22a85f96d57-smithmachine.jpg', NULL),
                                                                                                                                                          (268, '이지바 프론트 레이즈', '어깨', '이지바를 이용해 앞쪽으로 들어올리는 운동입니다.', NULL, NULL),
                                                                                                                                                          (269, '벤트 오버 레터럴 레이즈 머신', '어깨', '벤트 오버 자세로 레이즈 머신을 사용하는 운동입니다.', NULL, NULL),
                                                                                                                                                          (270, '파이크 푸쉬업', '어깨', '다리를 곧게 유지하며 푸쉬업을 하는 운동입니다.', NULL, NULL),
                                                                                                                                                          (271, '원 암 덤벨 숄더프레스', '어깨', '한쪽 팔로 덤벨을 밀어내는 운동입니다.', 'https://storage.googleapis.com/healthtartstorage/619f8882-ef15-459e-ace9-b7196516b2ac-dumbbell.jpg', NULL),
                                                                                                                                                          (272, '암 워킹 푸쉬업', '어깨', '팔을 움직이며 푸쉬업을 수행하는 운동입니다.', NULL, NULL),
                                                                                                                                                          (273, '플로어 인버티드 숄더프레스', '어깨', '바닥에서 어깨를 강화하는 운동입니다.', NULL, NULL),
                                                                                                                                                          (274, '덤벨 비하인드 넥 프레스', '어깨', '덤벨을 이용해 머리 뒤로 밀어내는 운동입니다.', 'https://storage.googleapis.com/healthtartstorage/619f8882-ef15-459e-ace9-b7196516b2ac-dumbbell.jpg', NULL),
                                                                                                                                                          (275, '플랭크 레터럴 레이즈', '어깨', '플랭크 자세에서 팔을 옆으로 들어올리는 운동입니다.', NULL, NULL),
                                                                                                                                                          (276, '힌두 푸쉬업', '어깨', '힌두 자세에서 푸쉬업을 수행하는 운동입니다.', NULL, NULL),
                                                                                                                                                          (277, '회전근개 미디얼 로테이션', '어깨', '회전근개를 강화하는 운동입니다.', NULL, NULL),
                                                                                                                                                          (278, '동적 후면 어깨 스트레칭', '어깨', '후면 어깨를 동적으로 스트레칭하는 운동입니다.', NULL, NULL),
                                                                                                                                                          (279, '암 써클링 어깨 스트레칭', '어깨', '팔을 원을 그리며 스트레칭하는 운동입니다.', NULL, NULL),
                                                                                                                                                          (280, '엘보우 써클링 어깨 스트레칭', '어깨', '팔꿈치를 원을 그리며 스트레칭하는 운동입니다.', NULL, NULL),
                                                                                                                                                          (281, '벤트오버 케이블 레터럴 레이즈', '어깨', '벤트오버 자세로 케이블을 이용해 옆으로 들어올리는 운동입니다.', NULL, NULL),
                                                                                                                                                          (282, '원 암 케이블 프론트 레이즈', '어깨', '한쪽 팔로 케이블을 이용해 앞쪽으로 들어올리는 운동입니다.', 'https://storage.googleapis.com/healthtartstorage/6347d4f3-a29f-4500-9092-91f787fc0e33-cablecrossover.jpg', NULL),
                                                                                                                                                          (283, '인클라인 덤벨 리어 레터럴 레이즈', '어깨', '인클라인 자세에서 덤벨을 이용해 후면 어깨를 강화하는 운동입니다.', 'https://storage.googleapis.com/healthtartstorage/619f8882-ef15-459e-ace9-b7196516b2ac-dumbbell.jpg', NULL),
                                                                                                                                                          (284, '원 암 덤벨 레터럴 레이즈', '어깨', '한쪽 팔로 덤벨을 옆으로 들어올리는 운동입니다.', 'https://storage.googleapis.com/healthtartstorage/619f8882-ef15-459e-ace9-b7196516b2ac-dumbbell.jpg', NULL),
                                                                                                                                                          (285, '원 암 케틀벨 아놀드 프레스', '어깨', '한쪽 팔로 아놀드 프레스를 수행하는 운동입니다.', NULL, NULL),
                                                                                                                                                          (286, '케틀벨 스트릭 프레스', '어깨', '케틀벨을 이용해 머리 위로 밀어내는 운동입니다.', NULL, NULL),
                                                                                                                                                          (287, '해머스트렝스 숄더 프레스', '어깨', '해머스트렝스 머신을 이용해 어깨를 강화하는 운동입니다.', NULL, NULL),
                                                                                                                                                          (288, '패러럴 그립 펙 덱 리어 델트', '어깨', '패러럴 그립 머신에서 후면 어깨를 발달시키는 운동입니다.', NULL, NULL),
                                                                                                                                                          (289, '랜드마인 프레스', '어깨', '랜드마인 머신을 이용해 어깨를 강화하는 운동입니다.', NULL, NULL),
                                                                                                                                                          (290, '원 암 랜드마인 프레스', '어깨', '한쪽 팔로 랜드마인을 이용해 밀어내는 운동입니다.', NULL, NULL),
                                                                                                                                                          (291, '케틀벨 헤드 로테이션', '어깨', '케틀벨을 이용해 머리를 회전시키는 운동입니다.', NULL, NULL),
                                                                                                                                                          (292, '원 암 페이스 풀', '어깨', '한쪽 팔로 케이블을 당기는 운동입니다.', 'https://storage.googleapis.com/healthtartstorage/6347d4f3-a29f-4500-9092-91f787fc0e33-cablecrossover.jpg', NULL),
                                                                                                                                                          (293, '후면 어깨 스트레칭', '어깨', '후면 어깨를 스트레칭하는 운동입니다.', NULL, NULL),
                                                                                                                                                          (294, '앞쪽 어깨/가슴 스트레칭', '어깨', '앞쪽 어깨와 가슴을 스트레칭하는 운동입니다.', NULL, NULL),
                                                                                                                                                          (295, '동적 어깨 스트레칭', '어깨', '어깨를 동적으로 스트레칭하는 운동입니다.', NULL, NULL),
                                                                                                                                                          (296, '비하인드 더 백 어깨 스트레칭', '어깨', '팔을 뒤로 당겨 어깨를 스트레칭하는 운동입니다.', NULL, NULL),
                                                                                                                                                          (297, '오버헤드 어깨 스트레칭', '어깨', '팔을 위로 들어 올려 어깨를 스트레칭하는 운동입니다.', NULL, NULL),
                                                                                                                                                          (298, '에어 레터럴 레이즈', '어깨', '팔을 공중에서 옆으로 들어올리는 운동입니다.', NULL, NULL),
                                                                                                                                                          (299, '바벨 리버스 레이즈', '어깨', '바벨을 이용해 후면 어깨를 발달시키는 운동입니다.', NULL, NULL),
                                                                                                                                                          (300, '밴드 리버스 플라이', '어깨', '밴드를 이용해 후면 어깨를 벌리는 운동입니다.', NULL, NULL),
                                                                                                                                                          (301, '밴드 리어 델트 킥백', '어깨', '밴드를 이용해 후면 어깨를 강화하는 운동입니다.', NULL, NULL),
                                                                                                                                                          (302, '스키 로우', '어깨', '스키 자세로 몸을 당기는 운동입니다.', NULL, NULL),
                                                                                                                                                          (303, '밴드 오버헤드 프레스', '어깨', '밴드를 이용해 오버헤드로 밀어내는 운동입니다.', NULL, NULL),
                                                                                                                                                          (304, '인클라인 덤벨 Y 레이즈', '어깨', '인클라인 자세에서 Y자 형태로 팔을 들어올리는 운동입니다.', NULL, NULL),
                                                                                                                                                          (305, '어라운드 더 월드', '어깨', '팔을 둥글게 돌려 어깨를 강화하는 운동입니다.', NULL, NULL),
                                                                                                                                                          (306, '어라운드 더 월드(덤벨)', '어깨', '덤벨을 이용해 팔을 둥글게 돌리는 운동입니다.', NULL, NULL),
                                                                                                                                                          (307, '덤벨 오버헤드 프레스', '어깨', '덤벨을 이용해 머리 위로 밀어내는 운동입니다.', NULL, NULL),
                                                                                                                                                          (308, '원 암 덤벨 오버헤드 프레스', '어깨', '한쪽 팔로 덤벨을 밀어내는 운동입니다.', NULL, NULL),
                                                                                                                                                          (309, '힙 허거', '어깨', '엉덩이를 활용해 몸을 들어올리는 운동입니다.', NULL, NULL),
                                                                                                                                                          (310, '밴드 벤트 오버 레터럴 레이즈', '어깨', '밴드를 이용해 벤트 오버 자세에서 팔을 들어올리는 운동입니다.', NULL, NULL),
                                                                                                                                                          (311, '물구나무 푸쉬업', '어깨', '물구나무 자세로 푸쉬업을 수행하는 운동입니다.', NULL, NULL),
                                                                                                                                                          (312, '스탠딩 레터럴 레이즈 머신', '어깨', '레터럴 레이즈 머신을 이용해 서서 어깨를 강화하는 운동입니다.', NULL, NULL),
                                                                                                                                                          (313, '바이킹 프레스', '어깨', '바벨을 이용해 머리 위로 밀어내는 운동입니다.', NULL, NULL),
                                                                                                                                                          (314, '해머스트렝스 숄더프레스', '어깨', '해머스트렝스 머신을 이용해 어깨를 강화하는 운동입니다.', NULL, NULL),
                                                                                                                                                          (315, '해머 스트렝스 MTS 숄더 프레스', '어깨', 'MTS 머신을 이용해 어깨를 강화하는 운동입니다.', NULL, NULL),
                                                                                                                                                          (316, '해머 스트렝스 숄더 프레스', '어깨', '해머스트렝스 머신을 이용해 어깨를 강화하는 운동입니다.', NULL, NULL),
                                                                                                                                                          (317, '해머 스트렝스 MTS 원 암 숄더 프레스', '어깨', '한쪽 팔로 MTS 머신을 이용해 밀어내는 운동입니다.', NULL, NULL),
                                                                                                                                                          (318, '해머 스트렝스 원 암 숄더 프레스', '어깨', '한쪽 팔로 해머스트렝스를 이용해 밀어내는 운동입니다.', NULL, NULL),
                                                                                                                                                          (319, '플레이트 프론트 로테이션 레이즈', '어깨', '플레이트를 이용해 앞쪽으로 회전시키며 들어올리는 운동입니다.', NULL, NULL),
                                                                                                                                                          (320, '케이블 업라이트 로우', '어깨', '케이블을 이용해 몸 앞으로 당기는 운동입니다.', 'https://storage.googleapis.com/healthtartstorage/6347d4f3-a29f-4500-9092-91f787fc0e33-cablecrossover.jpg', NULL),
                                                                                                                                                          (321, '스탠딩 덤벨 숄더 프레스', '어깨', '서서 덤벨을 이용해 밀어내는 운동입니다.', 'https://storage.googleapis.com/healthtartstorage/619f8882-ef15-459e-ace9-b7196516b2ac-dumbbell.jpg', NULL),
                                                                                                                                                          (322, '리버스 숄더 프레스 머신', '어깨', '리버스 숄더 머신을 이용해 어깨를 강화하는 운동입니다.', NULL, NULL),
                                                                                                                                                          (323, '원 암 덤벨 프론트 레이즈', '어깨', '한쪽 팔로 덤벨을 이용해 앞쪽으로 들어올리는 운동입니다.', 'https://storage.googleapis.com/healthtartstorage/619f8882-ef15-459e-ace9-b7196516b2ac-dumbbell.jpg', NULL),
                                                                                                                                                          (324, '원 암 덤벨 벤트 오버 레터럴 레이즈', '어깨', '한쪽 팔로 벤트 오버 자세에서 옆으로 덤벨을 들어올리는 운동입니다.', NULL, NULL),
                                                                                                                                                          (325, '플레이트 오버헤드 프레스', '어깨', '플레이트를 이용해 머리 위로 밀어내는 운동입니다.', NULL, NULL),
                                                                                                                                                          (326, '스파이더 크롤', '어깨', '팔과 다리를 이용해 기어가는 운동입니다.', NULL, NULL),
                                                                                                                                                          (327, '숄더 탭', '어깨', '서서 손을 어깨에 대는 운동입니다.', NULL, NULL),
                                                                                                                                                          (328, '맨몸 벤트 오버 레터럴 레이즈', '어깨', '맨몸으로 벤트 오버 자세에서 팔을 들어올리는 운동입니다.', NULL, NULL),
                                                                                                                                                          (329, '맨몸 오버헤드 프레스', '어깨', '맨몸으로 머리 위로 팔을 밀어내는 운동입니다.', NULL, NULL),
                                                                                                                                                          (330, '서클 암', '어깨', '팔을 원을 그리며 회전시키는 운동입니다.', NULL, NULL),
                                                                                                                                                          (331, '라잉 리어 레터럴 레이즈', '어깨', '누운 자세에서 팔을 벌리는 운동입니다.', NULL, NULL),
                                                                                                                                                          (332, '스탠딩 스위머', '어깨', '팔을 수영하듯이 움직이는 운동입니다.', NULL, NULL),
                                                                                                                                                          (333, '스탠딩 어라운드 더 월드', '어깨', '서서 팔을 둥글게 돌리는 운동입니다.', NULL, NULL),
                                                                                                                                                          (334, '스탠딩 오버헤드 숄더 스트레치', '어깨', '서서 팔을 위로 들어올리며 스트레칭하는 운동입니다.', NULL, NULL),
                                                                                                                                                          (335, '백핸드 레이즈', '어깨', '팔을 뒤로 들어올리는 운동입니다.', NULL, NULL),
                                                                                                                                                          (336, '엘보우 터치 앤 프레스업', '어깨', '팔꿈치를 반대쪽 무릎에 대며 푸쉬업을 수행하는 운동입니다.', NULL, NULL),
                                                                                                                                                          (337, '언더핸드 서클 드로우', '어깨', '언더핸드 자세에서 팔을 돌리는 운동입니다.', NULL, NULL),
                                                                                                                                                          (338, '프론트 스쿱스', '어깨', '앞으로 팔을 스쿠프하는 운동입니다.', NULL, NULL),
                                                                                                                                                          (339, '바디 쏘우 플랭크', '어깨', '플랭크 자세에서 몸을 흔드는 운동입니다.', NULL, NULL),
                                                                                                                                                          (340, '원 암 숄더 프레스 머신', '어깨', '한쪽 팔로 숄더 프레스를 수행하는 머신입니다.', NULL, NULL),
                                                                                                                                                          (341, 'TRX 델토이드 플라이', '어깨', 'TRX를 이용해 어깨를 벌리는 운동입니다.', NULL, NULL),
                                                                                                                                                          (342, '덤벨 푸쉬 저크', '어깨', '덤벨을 이용해 밀어내는 운동입니다.', NULL, NULL),
                                                                                                                                                          (343, '바벨 푸쉬 저크', '어깨', '바벨을 이용해 밀어내는 운동입니다.', NULL, NULL),
                                                                                                                                                          (344, '케이블 익스터널 로테이션', '어깨', '케이블을 이용해 외회전하는 운동입니다.', NULL, NULL),
                                                                                                                                                          (345, '슈퍼 ROM 레터럴 레이즈', '어깨', '레터럴 레이즈를 변형하여 수행하는 운동입니다.', NULL, NULL),
                                                                                                                                                          (346, '원 암 케이블 리버스 플라이', '어깨', '한쪽 팔로 케이블을 이용해 후면 어깨를 벌리는 운동입니다.', NULL, NULL),
                                                                                                                                                          (347, '원 암 펙 덱 리어 델트', '어깨', '펙 덱 머신을 이용해 한쪽 팔로 후면 어깨를 발달시키는 운동입니다.', NULL, NULL),
                                                                                                                                                          (348, '덤벨 리버스 레이즈', '어깨', '덤벨을 이용해 후면 어깨를 벌리는 운동입니다.', NULL, NULL),
                                                                                                                                                          (349, '오버헤드 플라이', '어깨', '머리 위로 팔을 벌리는 운동입니다.', NULL, NULL),
                                                                                                                                                          (350, '케이블 Y 레이즈', '어깨', '케이블을 이용해 Y자 형태로 팔을 들어올리는 운동입니다.', NULL, NULL),
                                                                                                                                                          (351, '덤벨 익스터널 로테이션', '어깨', '덤벨을 이용해 외회전하는 운동입니다.', NULL, NULL),
                                                                                                                                                          (352, '레그 레이즈', '코어', '다리를 들어올려 하복부를 강화하는 운동입니다.', NULL, NULL),
                                                                                                                                                          (353, '크런치', '코어', '상체를 들어올려 복부를 강화하는 운동입니다.', NULL, NULL),
                                                                                                                                                          (354, '케이블 크런치', '코어', '케이블 머신을 이용해 복부를 강화하는 운동입니다.', NULL, NULL),
                                                                                                                                                          (355, '캡틴스 체어 레그 레이즈', '코어', '캡틴스 체어에서 다리를 들어올려 하복부를 강화하는 운동입니다.', NULL, NULL),
                                                                                                                                                          (356, '행잉 레그 레이즈', '코어', '행잉 자세에서 다리를 들어올리는 운동입니다.', NULL, NULL),
                                                                                                                                                          (357, '바이시클 크런치', '코어', '자전거 타는 동작으로 복부를 강화하는 운동입니다.', NULL, NULL),
                                                                                                                                                          (358, '디클라인 크런치', '코어', '디클라인 벤치에서 상체를 들어올리는 운동입니다.', NULL, NULL),
                                                                                                                                                          (359, '덤벨 사이드 밴드', '코어', '덤벨을 이용해 옆으로 몸을 구부리는 운동입니다.', 'https://storage.googleapis.com/healthtartstorage/619f8882-ef15-459e-ace9-b7196516b2ac-dumbbell.jpg', NULL),
                                                                                                                                                          (360, '플랭크', '코어', '몸을 곧게 유지하며 버티는 운동입니다.', NULL, NULL),
                                                                                                                                                          (361, '브이 업', '코어', '다리를 들어올리며 몸을 V자 형태로 만드는 운동입니다.', NULL, NULL),
                                                                                                                                                          (362, 'AB 슬라이드', '코어', 'AB 슬라이드를 이용해 복부를 강화하는 운동입니다.', NULL, NULL),
                                                                                                                                                          (363, '크로스 바디 크런치', '코어', '반대쪽 무릎에 팔꿈치를 대며 복부를 강화하는 운동입니다.', NULL, NULL),
                                                                                                                                                          (364, '크런치 머신', '코어', '크런치 머신에서 복부를 강화하는 운동입니다.', 'https://storage.googleapis.com/healthtartstorage/2c6a9a82-3db9-43ae-bb80-6c5817c1f8cc-crunchboard.jpg', NULL),
                                                                                                                                                          (365, '니 투 엘보', '코어', '무릎을 팔꿈치에 대는 운동입니다.', NULL, NULL),
                                                                                                                                                          (366, '오블리크 크런치', '코어', '측면 복부를 강화하는 운동입니다.', NULL, NULL),
                                                                                                                                                          (367, '리버스 플랭크', '코어', '몸을 곧게 유지하며 버티는 운동으로, 복부와 하체를 강화합니다.', NULL, NULL),
                                                                                                                                                          (368, '러시안 트위스트', '코어', '몸을 회전시키며 복부를 강화하는 운동입니다.', NULL, NULL),
                                                                                                                                                          (369, '케이블 사이드 밴드', '코어', '케이블을 이용해 측면 복부를 강화하는 운동입니다.', NULL, NULL),
                                                                                                                                                          (370, '사이드 플랭크', '코어', '옆으로 몸을 기울이며 버티는 운동입니다.', NULL, NULL),
                                                                                                                                                          (371, '싯 업', '코어', '상체를 들어올려 복부를 강화하는 운동입니다.', NULL, NULL),
                                                                                                                                                          (372, '슈퍼맨', '코어', '팔과 다리를 동시에 들어올리는 운동입니다.', NULL, NULL),
                                                                                                                                                          (373, '토 투 바', '코어', '다리를 들어올려 바에 닿게 하는 운동입니다.', NULL, NULL),
                                                                                                                                                          (374, '케틀벨 스윙', '코어', '케틀벨을 이용해 몸을 흔드는 운동입니다.', NULL, NULL),
                                                                                                                                                          (375, '바벨 쓰러스터', '코어', '바벨을 이용해 스쿼트 후 밀어내는 운동입니다.', NULL, NULL),
                                                                                                                                                          (376, '마운틴 클라이머', '코어', '다리를 빠르게 움직이며 몸을 유지하는 운동입니다.', NULL, NULL),
                                                                                                                                                          (377, '드래곤 플래그', '코어', '몸을 곧게 펴고 다리를 들어올리는 운동입니다.', NULL, NULL),
                                                                                                                                                          (378, '할로우', '코어', '몸을 곧게 유지하며 배를 집어넣는 운동입니다.', NULL, NULL),
                                                                                                                                                          (379, '리버스 크런치', '코어', '다리를 들어올리며 복부를 강화하는 운동입니다.', NULL, NULL),
                                                                                                                                                          (380, '크리스 크로스', '코어', '복부를 비틀며 다리를 들어올리는 운동입니다.', NULL, NULL),
                                                                                                                                                          (381, '시티드 니업', '코어', '앉아서 무릎을 가슴으로 들어올리는 운동입니다.', NULL, NULL),
                                                                                                                                                          (382, '사이드 레그 레이즈', '코어', '옆으로 누워 다리를 들어올리는 운동입니다.', NULL, NULL),
                                                                                                                                                          (383, '플랭크 푸쉬업', '코어', '플랭크 자세에서 푸쉬업을 수행하는 운동입니다.', NULL, NULL),
                                                                                                                                                          (384, '로테이션 푸쉬업', '코어', '푸쉬업 자세에서 몸을 회전시키는 운동입니다.', NULL, NULL),
                                                                                                                                                          (385, '풀 플랭크', '코어', '몸을 곧게 유지하며 버티는 운동입니다.', NULL, NULL),
                                                                                                                                                          (386, '케이블 우드 쵸퍼', '코어', '케이블을 이용해 몸을 회전시키는 운동입니다.', NULL, NULL),
                                                                                                                                                          (387, '힐 터치 크런치', '코어', '발을 바닥에 두고 몸을 회전시키는 운동입니다.', NULL, NULL),
                                                                                                                                                          (388, '덤벨 쓰러스터', '코어', '덤벨을 이용해 스쿼트 후 밀어내는 운동입니다.', NULL, NULL),
                                                                                                                                                          (389, '레그 레이즈 힙 리프트', '코어', '다리를 들어올리며 엉덩이를 들어올리는 운동입니다.', NULL, NULL),
                                                                                                                                                          (390, '로테이션 플랭크', '코어', '플랭크 자세에서 몸을 회전시키는 운동입니다.', NULL, NULL),
                                                                                                                                                          (391, '버드 독', '코어', '한쪽 팔과 반대쪽 다리를 들어올리는 운동입니다.', NULL, NULL),
                                                                                                                                                          (392, '스타피쉬 크런치', '코어', '다리를 벌리고 팔을 쭉 펴며 복부를 강화하는 운동입니다.', NULL, NULL),
                                                                                                                                                          (393, '스파이더맨 푸쉬업', '코어', '푸쉬업을 하며 무릎을 팔꿈치에 대는 운동입니다.', NULL, NULL),
                                                                                                                                                          (394, '암 앤 레그 리프트', '코어', '한쪽 팔과 다리를 동시에 들어올리는 운동입니다.', NULL, NULL),
                                                                                                                                                          (395, '프론트 킥', '코어', '앞으로 다리를 차는 운동입니다.', NULL, NULL),
                                                                                                                                                          (396, '플랭크 잭', '코어', '플랭크 자세에서 다리를 옆으로 벌리는 운동입니다.', NULL, NULL),
                                                                                                                                                          (397, '힙 레이즈 플랭크', '코어', '힙을 들어올리며 플랭크 자세를 유지하는 운동입니다.', NULL, NULL),
                                                                                                                                                          (398, '토르소 로테이션', '코어', '몸을 회전시키며 복부를 강화하는 운동입니다.', NULL, NULL),
                                                                                                                                                          (399, '플러터 킥', '코어', '다리를 차는 동작을 통해 하복부를 강화하는 운동입니다.', NULL, NULL),
                                                                                                                                                          (400, '사이드 니업', '코어', '옆으로 누워 무릎을 가슴 쪽으로 들어올리는 운동입니다.', NULL, NULL),
                                                                                                                                                          (401, '스탠딩 바이시클', '코어', '서서 자전거 타는 동작을 통해 복부를 강화하는 운동입니다.', NULL, NULL),
                                                                                                                                                          (402, '크로스오버 토터치', '코어', '한쪽 발을 반대쪽 팔꿈치로 터치하는 운동입니다.', NULL, NULL),
                                                                                                                                                          (403, '데드 벅', '코어', '무릎과 팔을 들어올리는 운동입니다.', NULL, NULL),
                                                                                                                                                          (404, '머슬업', '코어', '바를 잡고 몸을 끌어올리는 운동입니다.', NULL, NULL),
                                                                                                                                                          (405, '케틀벨 터키쉬 겟업', '코어', '케틀벨을 이용해 몸을 들어올리는 운동입니다.', NULL, NULL),
                                                                                                                                                          (406, '원 암 케틀벨 스내치', '코어', '한쪽 팔로 케틀벨을 들어올리는 운동입니다.', NULL, NULL),
                                                                                                                                                          (407, '케틀벨 행 클린', '코어', '케틀벨을 몸 앞으로 당기는 운동입니다.', NULL, NULL),
                                                                                                                                                          (408, '바벨 행 클린', '코어', '바벨을 몸 앞으로 당기는 운동입니다.', NULL, NULL),
                                                                                                                                                          (409, '바벨 행 스내치', '코어', '바벨을 이용해 몸을 들어올리는 운동입니다.', NULL, NULL),
                                                                                                                                                          (410, '바벨 머슬 클린', '코어', '바벨을 끌어올리는 운동입니다.', NULL, NULL),
                                                                                                                                                          (411, '바벨 파워 스내치', '코어', '바벨을 빠르게 들어올리는 운동입니다.', NULL, NULL),
                                                                                                                                                          (412, '바벨 파워 클린', '코어', '바벨을 빠르게 당기는 운동입니다.', NULL, NULL),
                                                                                                                                                          (413, '덤벨 클린', '코어', '덤벨을 이용해 당기는 운동입니다.', 'https://storage.googleapis.com/healthtartstorage/619f8882-ef15-459e-ace9-b7196516b2ac-dumbbell.jpg', NULL),
                                                                                                                                                          (414, '덤벨 파워 클린', '코어', '덤벨을 빠르게 당기는 운동입니다.', 'https://storage.googleapis.com/healthtartstorage/619f8882-ef15-459e-ace9-b7196516b2ac-dumbbell.jpg', NULL),
                                                                                                                                                          (415, '원 암 덤벨 스내치', '코어', '한쪽 팔로 덤벨을 빠르게 들어올리는 운동입니다.', 'https://storage.googleapis.com/healthtartstorage/619f8882-ef15-459e-ace9-b7196516b2ac-dumbbell.jpg', NULL),
                                                                                                                                                          (416, '바벨 스내치 하이풀', '코어', '바벨을 빠르게 들어올리는 운동입니다.', NULL, NULL),
                                                                                                                                                          (417, '케틀벨 쓰러스터', '코어', '케틀벨을 이용해 스쿼트 후 밀어내는 운동입니다.', NULL, NULL),
                                                                                                                                                          (418, '중량 디클라인 크런치', '코어', '디클라인 자세에서 중량을 이용해 크런치를 수행하는 운동입니다.', NULL, NULL),
                                                                                                                                                          (419, '보수볼 싱글 레그 스탠드', '코어', '보수볼 위에서 한쪽 다리로 서는 운동입니다.', NULL, NULL),
                                                                                                                                                          (420, '원 레그 플랭크', '코어', '한쪽 다리로 플랭크 자세를 유지하는 운동입니다.', NULL, NULL),
                                                                                                                                                          (421, '인클라인 트위스트 싯 업', '코어', '인클라인 자세에서 몸을 비틀며 올라오는 운동입니다.', NULL, NULL),
                                                                                                                                                          (422, '인클라인 레그 레이즈', '코어', '인클라인 자세에서 다리를 들어올리는 운동입니다.', NULL, NULL),
                                                                                                                                                          (423, '물구나무서기', '코어', '물구나무 자세를 유지하는 운동입니다.', NULL, NULL),
                                                                                                                                                          (424, '원 암 케틀벨 스윙', '코어', '한쪽 팔로 케틀벨을 흔드는 운동입니다.', NULL, NULL),
                                                                                                                                                          (425, '리버스 하이퍼', '코어', '허리를 강화하는 운동으로, 몸을 들어올리는 동작입니다.', NULL, NULL),
                                                                                                                                                          (426, '레인보우 플랭크', '코어', '측면 플랭크 자세에서 몸을 회전시키는 운동입니다.', NULL, NULL),
                                                                                                                                                          (427, '덤벨 러시안 트위스트', '코어', '덤벨을 이용해 몸을 회전시키는 운동입니다.', NULL, NULL),
                                                                                                                                                          (428, '더블 크런치', '코어', '다리를 들어올리며 동시에 상체를 들어올리는 운동입니다.', NULL, NULL),
                                                                                                                                                          (429, '레그 풀 (필라테스)', '코어', '다리를 들어올려 복부를 강화하는 필라테스 운동입니다.', NULL, NULL),
                                                                                                                                                          (430, '덤벨 스윙', '코어', '덤벨을 이용해 몸을 흔드는 운동입니다.', 'https://storage.googleapis.com/healthtartstorage/619f8882-ef15-459e-ace9-b7196516b2ac-dumbbell.jpg', NULL),
                                                                                                                                                          (431, '사이드 밴드 (로만체어)', '코어', '로만 체어에서 옆으로 몸을 구부리는 운동입니다.', NULL, NULL),
                                                                                                                                                          (432, '보수볼 크런치', '코어', '보수볼을 이용해 크런치를 수행하는 운동입니다.', NULL, NULL),
                                                                                                                                                          (433, '브이 싯', '코어', 'V자 형태로 앉는 운동입니다.', NULL, NULL),
                                                                                                                                                          (434, '수건 마운틴 클라이머', '코어', '수건을 이용해 마운틴 클라이머를 수행하는 운동입니다.', NULL, NULL),
                                                                                                                                                          (435, '수건 플랭크 잭', '코어', '수건을 이용해 플랭크 자세에서 잭 동작을 수행하는 운동입니다.', NULL, NULL),
                                                                                                                                                          (436, '수건 컬시 런지', '코어', '수건을 이용해 런지를 수행하는 운동입니다.', NULL, NULL),
                                                                                                                                                          (437, '짐볼 플랭크', '코어', '짐볼 위에서 플랭크 자세를 유지하는 운동입니다.', NULL, NULL),
                                                                                                                                                          (438, '짐볼 풀 인', '코어', '짐볼을 이용해 몸을 들어올리는 운동입니다.', NULL, NULL),
                                                                                                                                                          (439, '다운 독', '코어', '다운 독 자세로 스트레칭하는 운동입니다.', NULL, NULL),
                                                                                                                                                          (440, '싱글 다운 독', '코어', '한쪽 팔과 다리를 이용해 스트레칭하는 운동입니다.', NULL, NULL),
                                                                                                                                                          (441, '컨트롤 밸런스', '코어', '균형을 유지하며 스트레칭하는 운동입니다.', NULL, NULL),
                                                                                                                                                          (442, '프론트 레버', '코어', '몸을 수평으로 유지하며 레버를 하는 운동입니다.', NULL, NULL),
                                                                                                                                                          (443, '플란체', '코어', '팔을 이용해 몸을 유지하는 운동입니다.', NULL, NULL),
                                                                                                                                                          (444, '중량 크런치', '코어', '중량을 이용해 크런치를 수행하는 운동입니다.', NULL, NULL),
                                                                                                                                                          (445, '턱 플란체', '코어', '턱을 들어올리며 플란체를 하는 운동입니다.', NULL, NULL),
                                                                                                                                                          (446, '월 볼 샷', '코어', '월에 공을 던지는 운동입니다.', NULL, NULL),
                                                                                                                                                          (447, '월 워크', '코어', '월에 손을 대며 걷는 운동입니다.', NULL, NULL),
                                                                                                                                                          (448, '크로스 레그 레이즈', '코어', '다리를 교차하여 들어올리는 운동입니다.', NULL, NULL),
                                                                                                                                                          (449, '스텝박스 니업', '코어', '스텝박스를 이용해 무릎을 들어올리는 운동입니다.', NULL, NULL),
                                                                                                                                                          (450, '해머 스트렝스 MTS 업도미널 크런치', '코어', '해머스트렝스 머신에서 복부를 강화하는 운동입니다.', NULL, NULL),
                                                                                                                                                          (451, '헌드레드 (필라테스)', '코어', '필라테스 운동으로 복부를 강화하는 운동입니다.', NULL, NULL),
                                                                                                                                                          (452, '롤 업 (필라테스)', '코어', '필라테스 운동으로 몸을 구부리는 운동입니다.', NULL, NULL),
                                                                                                                                                          (453, '롤 오버 (필라테스)', '코어', '필라테스 운동으로 다리를 들어올리는 운동입니다.', NULL, NULL),
                                                                                                                                                          (454, '원 레그 서클 (필라테스)', '코어', '한쪽 다리로 원을 그리며 운동하는 필라테스 운동입니다.', NULL, NULL),
                                                                                                                                                          (455, '롤링 백 (필라테스)', '코어', '필라테스 운동으로 몸을 굴리는 운동입니다.', NULL, NULL),
                                                                                                                                                          (456, '원 레그 스트레치 (필라테스)', '코어', '한쪽 다리를 들어올리며 스트레칭하는 필라테스 운동입니다.', NULL, NULL),
                                                                                                                                                          (457, '더블 레그 스트레치 (필라테스)', '코어', '양쪽 다리를 들어올리며 스트레칭하는 필라테스 운동입니다.', NULL, NULL),
                                                                                                                                                          (458, '스파인 스트레치 (필라테스)', '코어', '필라테스 운동으로 척추를 스트레칭하는 운동입니다.', NULL, NULL),
                                                                                                                                                          (459, '콕 스크류 (필라테스)', '코어', '몸을 회전시키며 스트레칭하는 필라테스 운동입니다.', NULL, NULL),
                                                                                                                                                          (460, '쏘우 (필라테스)', '코어', '몸을 들어올리며 회전시키는 필라테스 운동입니다.', NULL, NULL),
                                                                                                                                                          (461, '스완 다이브 (필라테스)', '코어', '상체를 들어올리며 스트레칭하는 필라테스 운동입니다.', NULL, NULL),
                                                                                                                                                          (462, '넥 풀 (필라테스)', '코어', '목을 스트레칭하며 운동하는 필라테스 운동입니다.', NULL, NULL),
                                                                                                                                                          (463, '스파인 트위스트 (필라테스)', '코어', '척추를 비틀며 스트레칭하는 필라테스 운동입니다.', NULL, NULL),
                                                                                                                                                          (464, '잭 나이프 (필라테스)', '코어', '몸을 V자 형태로 만드는 필라테스 운동입니다.', NULL, NULL),
                                                                                                                                                          (465, '티저 (필라테스)', '코어', '몸을 V자 형태로 만드는 필라테스 운동입니다.', NULL, NULL),
                                                                                                                                                          (466, '레그 풀 프론트 (필라테스)', '코어', '앞쪽으로 다리를 들어올리는 필라테스 운동입니다.', NULL, NULL),
                                                                                                                                                          (467, '레그 풀 (필라테스)', '코어', '다리를 들어올려 복부를 강화하는 필라테스 운동입니다.', NULL, NULL),
                                                                                                                                                          (468, '사이드킥 닐링 (필라테스)', '코어', '사이드킥 자세에서 운동하는 필라테스 운동입니다.', NULL, NULL),
                                                                                                                                                          (469, '행잉 니 레이즈', '코어', '행잉 자세에서 무릎을 들어올리는 운동입니다.', 'https://storage.googleapis.com/healthtartstorage/6347d4f3-a29f-4500-9092-91f787fc0e33-cablecrossover.jpg', NULL),
                                                                                                                                                          (470, '인클라인 리버스 크런치', '코어', '인클라인 자세에서 리버스 크런치를 수행하는 운동입니다.', 'https://storage.googleapis.com/healthtartstorage/2c6a9a82-3db9-43ae-bb80-6c5817c1f8cc-crunchboard.jpg', NULL),
                                                                                                                                                          (471, '케이블 행잉 레그 레이즈', '코어', '케이블을 이용해 행잉 레그 레이즈를 수행하는 운동입니다.', 'https://storage.googleapis.com/healthtartstorage/6347d4f3-a29f-4500-9092-91f787fc0e33-cablecrossover.jpg', NULL),
                                                                                                                                                          (472, '원 암 덤벨 클린 앤 프레스', '코어', '한쪽 팔로 클린 앤 프레스를 수행하는 운동입니다.', NULL, NULL),
                                                                                                                                                          (473, '덤벨 클린 앤 프레스', '코어', '덤벨을 이용해 클린 앤 프레스를 수행하는 운동입니다.', 'https://storage.googleapis.com/healthtartstorage/619f8882-ef15-459e-ace9-b7196516b2ac-dumbbell.jpg', NULL),
                                                                                                                                                          (474, '바벨 클린 앤 프레스', '코어', '바벨을 이용해 클린 앤 프레스를 수행하는 운동입니다.', NULL, NULL),
                                                                                                                                                          (475, '케틀벨 클린 앤 프레스', '코어', '케틀벨을 이용해 클린 앤 프레스를 수행하는 운동입니다.', NULL, NULL),
                                                                                                                                                          (476, '케이블 팔로프 프레스', '코어', '케이블을 이용해 몸을 회전시키는 운동입니다.', 'https://storage.googleapis.com/healthtartstorage/6347d4f3-a29f-4500-9092-91f787fc0e33-cablecrossover.jpg', NULL),
                                                                                                                                                          (477, '짐볼 파이크', '코어', '짐볼 위에서 파이크 자세를 유지하는 운동입니다.', NULL, NULL),
                                                                                                                                                          (478, '다운독', '코어', '다운독 자세로 스트레칭하는 운동입니다.', NULL, NULL),
                                                                                                                                                          (479, 'TRX 파워 풀', '코어', 'TRX를 이용해 몸을 당기는 운동입니다.', NULL, NULL),
                                                                                                                                                          (480, '덤벨 플랭크 풀 스루', '코어', '플랭크 자세에서 덤벨을 당기는 운동입니다.', NULL, NULL),
                                                                                                                                                          (481, '중량 싯 업', '코어', '중량을 이용해 싯 업을 수행하는 운동입니다.', NULL, NULL),
                                                                                                                                                          (482, '로타리 토르소 머신', '코어', '로타리 토르소 머신을 이용해 복부를 강화하는 운동입니다.', NULL, NULL),
                                                                                                                                                          (483, '덤벨 행잉 니 레이즈', '코어', '덤벨을 이용해 행잉 레그 레이즈를 수행하는 운동입니다.', 'https://storage.googleapis.com/healthtartstorage/619f8882-ef15-459e-ace9-b7196516b2ac-dumbbell.jpg', NULL),
                                                                                                                                                          (484, '베큠', '코어', '복부를 집어넣는 운동입니다.', NULL, NULL),
                                                                                                                                                          (485, '덤벨 행 클린', '코어', '덤벨을 이용해 행 클린을 수행하는 운동입니다.', NULL, NULL),
                                                                                                                                                          (486, '중량 인클라인 싯 업', '코어', '중량을 이용해 인클라인 싯 업을 수행하는 운동입니다.', NULL, NULL),
                                                                                                                                                          (487, '행 파워 클린', '코어', '행 파워 클린을 수행하는 운동입니다.', NULL, NULL),
                                                                                                                                                          (488, '제트 업', '코어', '몸을 높이 들어올리는 운동입니다.', NULL, NULL),
                                                                                                                                                          (489, '레그 턱', '코어', '다리를 들어올리는 턱걸이 운동입니다.', NULL, NULL),
                                                                                                                                                          (490, '바벨 트라이셉 익스텐션', '삼두', '바벨을 이용해 팔을 뒤로 확장하는 운동입니다.', NULL, NULL),
                                                                                                                                                          (491, '케이블 트라이셉 푸쉬다운', '삼두', '케이블을 이용해 삼두근을 강화하는 운동입니다.', NULL, NULL),
                                                                                                                                                          (492, '원 암 덤벨 킥백', '삼두', '한쪽 팔로 덤벨을 뒤로 밀어내는 운동입니다.', 'https://storage.googleapis.com/healthtartstorage/619f8882-ef15-459e-ace9-b7196516b2ac-dumbbell.jpg', NULL),
                                                                                                                                                          (493, '덤벨 트라이셉 익스텐션', '삼두', '덤벨을 이용해 팔을 뒤로 확장하는 운동입니다.', 'https://storage.googleapis.com/healthtartstorage/619f8882-ef15-459e-ace9-b7196516b2ac-dumbbell.jpg', NULL),
                                                                                                                                                          (494, '원 암 덤벨 트라이셉 익스텐션', '삼두', '한쪽 팔로 덤벨을 뒤로 확장하는 운동입니다.', NULL, NULL),
                                                                                                                                                          (495, '벤치 딥스', '삼두', '벤치에 손을 대고 몸을 내려 삼두근을 강화하는 운동입니다.', NULL, NULL),
                                                                                                                                                          (496, '원 암 케이블 킥백', '삼두', '한쪽 팔로 케이블을 이용해 밀어내는 운동입니다.', NULL, NULL),
                                                                                                                                                          (497, '오버헤드 케이블 트라이셉 익스텐션 Ⅰ', '삼두', '케이블을 이용해 팔을 뒤로 확장하는 운동입니다.', NULL, NULL),
                                                                                                                                                          (498, '라잉 바벨 트라이셉 익스텐션', '삼두', '바벨을 누운 자세에서 팔을 뒤로 확장하는 운동입니다.', NULL, NULL),
                                                                                                                                                          (499, '딥스 머신', '삼두', '딥스 머신을 이용해 삼두근을 강화하는 운동입니다.', NULL, NULL),
                                                                                                                                                          (500, '클로즈 그립 벤치프레스', '삼두', '벤치에서 손을 좁혀서 밀어내는 운동입니다.', NULL, NULL),
                                                                                                                                                          (501, '원 암 케이블 트라이셉 익스텐션', '삼두', '한쪽 팔로 케이블을 이용해 팔을 뒤로 확장하는 운동입니다.', NULL, NULL),
                                                                                                                                                          (502, '오버헤드 케이블 트라이셉 익스텐션 Ⅱ', '삼두', '케이블을 이용해 팔을 뒤로 확장하는 운동입니다.', NULL, NULL),
                                                                                                                                                          (503, '트라이셉 푸쉬다운 머신', '삼두', '머신을 이용해 삼두근을 강화하는 운동입니다.', NULL, NULL),
                                                                                                                                                          (504, '라잉 덤벨 트라이셉 익스텐션', '삼두', '덤벨을 누운 자세에서 팔을 뒤로 확장하는 운동입니다.', 'https://storage.googleapis.com/healthtartstorage/619f8882-ef15-459e-ace9-b7196516b2ac-dumbbell.jpg', NULL),
                                                                                                                                                          (505, '플로어 트라이셉 딥스', '삼두', '바닥에서 딥스를 수행하는 운동입니다.', NULL, NULL),
                                                                                                                                                          (506, '원 암 케이블 트라이셉 푸쉬다운', '삼두', '한쪽 팔로 케이블을 이용해 푸쉬다운하는 운동입니다.', NULL, NULL),
                                                                                                                                                          (507, '케이블 로프 트라이셉 익스텐션', '삼두', '케이블 로프를 이용해 팔을 뒤로 확장하는 운동입니다.', NULL, NULL),
                                                                                                                                                          (508, '트라이셉 익스텐션 머신', '삼두', '머신을 이용해 삼두근을 강화하는 운동입니다.', NULL, NULL),
                                                                                                                                                          (509, '닐링 트라이셉스 익스텐션', '삼두', '무릎을 꿇고 팔을 뒤로 확장하는 운동입니다.', NULL, NULL),
                                                                                                                                                          (510, '오버헤드 트라이셉스 익스텐션', '삼두', '팔을 위로 들어올리며 뒤로 확장하는 운동입니다.', NULL, NULL),
                                                                                                                                                          (511, '체어 딥스', '삼두', '의자에 앉아 딥스를 수행하는 운동입니다.', NULL, NULL),
                                                                                                                                                          (512, '월 푸쉬 업', '삼두', '벽에 손을 대고 푸쉬업을 하는 운동입니다.', NULL, NULL),
                                                                                                                                                          (513, '암 크로스오버', '삼두', '팔을 교차하며 운동하는 동작입니다.', NULL, NULL),
                                                                                                                                                          (514, '스탠딩 엘보우 클랩', '삼두', '팔꿈치를 이용해 박수를 치는 운동입니다.', NULL, NULL),
                                                                                                                                                          (515, '스탠딩 엘보우 터치', '삼두', '팔꿈치를 반대쪽 무릎에 대는 운동입니다.', NULL, NULL),
                                                                                                                                                          (516, '써클 암', '삼두', '팔을 원을 그리며 회전시키는 운동입니다.', NULL, NULL),
                                                                                                                                                          (517, '숄더 익스터널 앤 인터널 로테이션', '삼두', '어깨 회전 운동입니다.', NULL, NULL),
                                                                                                                                                          (518, '프레이어 푸쉬', '삼두', '팔을 교차하며 푸쉬업을 하는 운동입니다.', NULL, NULL),
                                                                                                                                                          (519, '스트레이트 암 덤벨 킥백', '삼두', '덤벨을 이용해 팔을 뒤로 벌리는 운동입니다.', NULL, NULL),
                                                                                                                                                          (520, '오버헤드 덤벨 트라이셉스 익스텐션', '삼두', '덤벨을 위로 들어올리며 팔을 뒤로 확장하는 운동입니다.', NULL, NULL),
                                                                                                                                                          (521, '밴드 트라이셉 푸쉬다운', '삼두', '밴드를 이용해 삼두근을 강화하는 운동입니다.', NULL, NULL),
                                                                                                                                                          (522, '밴드 트라이셉 킥백', '삼두', '밴드를 이용해 킥백하는 운동입니다.', NULL, NULL),
                                                                                                                                                          (523, '인클라인 바벨 트라이셉 익스텐션', '삼두', '바벨을 이용해 인클라인 자세에서 팔을 뒤로 확장하는 운동입니다.', NULL, NULL),
                                                                                                                                                          (524, '인클라인 이지바 트라이셉 익스텐션', '삼두', '이지바를 이용해 인클라인 자세에서 팔을 뒤로 확장하는 운동입니다.', NULL, NULL),
                                                                                                                                                          (525, '인클라인 라잉 트라이셉 익스텐션(덤벨)', '삼두', '덤벨을 이용해 인클라인에서 팔을 뒤로 확장하는 운동입니다.', NULL, NULL),
                                                                                                                                                          (526, '덤벨 킥백', '삼두', '덤벨을 이용해 킥백하는 운동입니다.', NULL, NULL),
                                                                                                                                                          (527, '해머 스트렝스 트라이셉 익스텐션', '삼두', '해머스트렝스 머신을 이용해 팔을 뒤로 확장하는 운동입니다.', NULL, NULL),
                                                                                                                                                          (528, '해머 스트렝스 원 암 트라이셉 익스텐션', '삼두', '한쪽 팔로 해머스트렝스를 이용해 팔을 뒤로 확장하는 운동입니다.', NULL, NULL),
                                                                                                                                                          (529, '오버헤드 트라이셉 익스텐션 머신', '삼두', '오버헤드 트라이셉 익스텐션 머신을 이용해 팔을 뒤로 확장하는 운동입니다.', NULL, NULL),
                                                                                                                                                          (530, 'JM 프레스', '삼두', '팔을 밀어내는 운동으로 삼두근을 강화하는 운동입니다.', NULL, NULL),
                                                                                                                                                          (531, '덤벨 제이엠 프레스', '삼두', '덤벨을 이용해 제이엠 프레스를 수행하는 운동입니다.', NULL, NULL),
                                                                                                                                                          (532, '싸이클', '유산소', '싸이클을 타는 운동입니다.', NULL, NULL),
                                                                                                                                                          (533, '엘립티컬 머신', '유산소', '엘립티컬 머신을 이용해 유산소 운동을 수행합니다.', NULL, NULL),
                                                                                                                                                          (534, '트레드밀 러닝', '유산소', '트레드밀에서 러닝하는 운동입니다.', 'https://storage.googleapis.com/healthtartstorage/4d3cfa16-0dd4-45a0-ac0e-5c41db7c3666-treadmill.jpg', NULL),
                                                                                                                                                          (535, '러닝', '유산소', '실외 또는 런닝머신에서 러닝하는 운동입니다.', 'https://storage.googleapis.com/healthtartstorage/1f6b6b53-d214-455e-8bd2-b69b58fa7b8d-runningmachine.jpg', NULL),
                                                                                                                                                          (536, '버피', '유산소', '버피 운동으로 전신을 강화하는 운동입니다.', NULL, NULL),
                                                                                                                                                          (537, '점핑 잭', '유산소', '점프를 하며 팔과 다리를 벌리는 운동입니다.', NULL, NULL),
                                                                                                                                                          (538, '줄넘기', '유산소', '줄넘기를 하며 유산소 운동을 수행합니다.', NULL, NULL),
                                                                                                                                                          (539, '로잉 머신', '유산소', '로잉 머신을 이용해 유산소 운동을 수행합니다.', NULL, NULL),
                                                                                                                                                          (540, '스텝 머신', '유산소', '스텝 머신을 이용해 유산소 운동을 수행합니다.', NULL, NULL),
                                                                                                                                                          (541, '인클라인 트레드밀 러닝', '유산소', '트레드밀에서 인클라인 상태로 러닝하는 운동입니다.', NULL, NULL),
                                                                                                                                                          (542, '스텝 밀', '유산소', '스텝 밀을 이용해 유산소 운동을 수행합니다.', NULL, NULL),
                                                                                                                                                          (543, '스쿼트 버피', '유산소', '스쿼트와 버피 동작을 결합한 운동입니다.', NULL, NULL),
                                                                                                                                                          (544, '크리스 크로스 엘보우 투 니', '유산소', '엘보우를 무릎에 대며 몸을 비트는 운동입니다.', NULL, NULL),
                                                                                                                                                          (545, '터치다운', '유산소', '상체를 기울이며 손을 바닥에 대는 운동입니다.', NULL, NULL),
                                                                                                                                                          (546, '크리스 크로스 잭', '유산소', '잭 동작을 하며 팔과 다리를 교차하는 운동입니다.', NULL, NULL),
                                                                                                                                                          (547, '크리스 크로스 점프', '유산소', '점프를 하며 팔과 다리를 교차하는 운동입니다.', NULL, NULL),
                                                                                                                                                          (548, '하이 니 스킵스', '유산소', '무릎을 높이 들어올리며 뛰는 운동입니다.', NULL, NULL),
                                                                                                                                                          (549, '잭 스텝', '유산소', '잭 동작으로 스텝하는 운동입니다.', NULL, NULL),
                                                                                                                                                          (550, '로우 런지 트위스트', '유산소', '런지 자세에서 몸을 비트는 운동입니다.', NULL, NULL),
                                                                                                                                                          (551, '사이드 킥 버피', '유산소', '사이드 킥과 버피 동작을 결합한 운동입니다.', NULL, NULL),
                                                                                                                                                          (552, '슬로우 버피', '유산소', '버피 동작을 느리게 수행하는 운동입니다.', NULL, NULL),
                                                                                                                                                          (553, '온몸 찢기', '유산소', '전신을 늘리며 운동하는 동작입니다.', NULL, NULL),
                                                                                                                                                          (554, '트위스트 니 쓰러스트', '유산소', '무릎을 비틀며 몸을 들어올리는 운동입니다.', NULL, NULL),
                                                                                                                                                          (555, '제자리 걸음', '유산소', '제자리에서 걷는 운동입니다.', NULL, NULL),
                                                                                                                                                          (556, '제자리 뛰기', '유산소', '제자리에서 뛰는 운동입니다.', NULL, NULL),
                                                                                                                                                          (557, '무동력 트레드밀', '유산소', '무동력으로 트레드밀에서 운동하는 것입니다.', NULL, NULL),
                                                                                                                                                          (558, '좌식 싸이클', '유산소', '좌식 자전거를 타는 운동입니다.', NULL, NULL),
                                                                                                                                                          (559, '경보', '유산소', '빠른 걸음으로 걷는 운동입니다.', NULL, NULL),
                                                                                                                                                          (560, '걷기', '유산소', '일반 걷는 운동입니다.', NULL, NULL),
                                                                                                                                                          (561, '벤치 스텝업', '유산소', '벤치를 이용해 스텝업하는 운동입니다.', NULL, NULL),
                                                                                                                                                          (562, '스텝업 스텝 박스', '유산소', '스텝 박스를 이용해 스텝업하는 운동입니다.', NULL, NULL),
                                                                                                                                                          (563, '줄넘기 2단 뛰기', '유산소', '줄넘기를 두 번 뛰는 운동입니다.', NULL, NULL),
                                                                                                                                                          (564, '스플릿 점프 박스', '유산소', '박스를 이용해 스플릿 점프하는 운동입니다.', NULL, NULL),
                                                                                                                                                          (565, '스텝퍼', '유산소', '스텝퍼 머신을 이용해 유산소 운동을 수행합니다.', NULL, NULL),
                                                                                                                                                          (566, '훌라후프', '유산소', '훌라후프를 돌리는 운동입니다.', NULL, NULL),
                                                                                                                                                          (567, '사이드 마운틴 클라이머', '유산소', '사이드로 마운틴 클라이머를 수행하는 운동입니다.', NULL, NULL),
                                                                                                                                                          (568, '힐터치 사이드 킥 스쿼트', '유산소', '힐터치를 하며 사이드 킥과 스쿼트를 수행하는 운동입니다.', NULL, NULL),
                                                                                                                                                          (569, '베이직 토 터치', '유산소', '발을 터치하는 기본적인 동작입니다.', NULL, NULL),
                                                                                                                                                          (570, '앵클 터치', '유산소', '발목을 터치하는 동작입니다.', NULL, NULL),
                                                                                                                                                          (571, '스쿼트 오버헤드 프레스', '유산소', '스쿼트 후에 오버헤드로 밀어내는 운동입니다.', NULL, NULL),
                                                                                                                                                          (572, '니 쓰러스트', '유산소', '무릎을 들어올리며 뛰는 운동입니다.', NULL, NULL),
                                                                                                                                                          (573, '우드쵸퍼', '유산소', '팔을 회전시키며 수행하는 운동입니다.', NULL, NULL),
                                                                                                                                                          (574, '버트 킥 로우', '유산소', '엉덩이를 차는 동작으로 하체를 강화하는 운동입니다.', NULL, NULL),
                                                                                                                                                          (575, '암워킹 마운틴 클라이머', '유산소', '팔과 다리를 이용해 마운틴 클라이머를 수행하는 운동입니다.', NULL, NULL),
                                                                                                                                                          (576, '레그 프론트 리프트 잭', '유산소', '다리를 들어올리며 잭 동작을 하는 운동입니다.', NULL, NULL),
                                                                                                                                                          (577, '런지 레그 리프트', '유산소', '런지 자세에서 다리를 들어올리는 운동입니다.', NULL, NULL),
                                                                                                                                                          (578, '스케이터 홉 탭', '유산소', '스케이터 동작으로 측면으로 뛰는 운동입니다.', NULL, NULL),
                                                                                                                                                          (579, '계단 오르기', '유산소', '계단을 오르는 운동입니다.', NULL, NULL),
                                                                                                                                                          (580, '하늘 자전거', '유산소', '하늘을 나는 듯한 자전거 타는 운동입니다.', NULL, NULL),
                                                                                                                                                          (581, '배틀 로프', '유산소', '배틀 로프를 이용해 전신을 강화하는 운동입니다.', NULL, NULL),
                                                                                                                                                          (582, '스키 에르그', '유산소', '스키 에르그 머신을 이용해 유산소 운동을 수행합니다.', NULL, NULL),
                                                                                                                                                          (583, '에어 바이크', '유산소', '에어 바이크를 이용해 유산소 운동을 수행합니다.', NULL, NULL),
                                                                                                                                                          (584, '스텝박스 마운틴 클라이머', '유산소', '스텝박스를 이용해 마운틴 클라이머를 수행하는 운동입니다.', NULL, NULL),
                                                                                                                                                          (585, '데빌 프레스', '유산소', '덤벨을 이용해 데빌 프레스를 수행하는 운동입니다.', NULL, NULL),
                                                                                                                                                          (586, '마이마운틴', '유산소', '마운틴 클라이머를 하며 전신을 강화하는 운동입니다.', NULL, NULL),
                                                                                                                                                          (587, '아크트레이너', '유산소', '아크트레이너를 이용해 유산소 운동을 수행합니다.', NULL, NULL),
                                                                                                                                                          (588, '바벨 스쿼트', '하체', '바벨을 이용해 스쿼트를 수행하는 운동입니다.', 'https://storage.googleapis.com/healthtartstorage/dc517692-0ff4-4788-ac62-63ebb928158b-power%20rack.jpg', NULL),
                                                                                                                                                          (589, '런지', '하체', '다리를 앞으로 내딛는 런지 운동입니다.', NULL, NULL),
                                                                                                                                                          (590, '레그 프레스', '하체', '레그 프레스 머신을 이용해 하체를 강화하는 운동입니다.', 'https://storage.googleapis.com/healthtartstorage/b90f05d9-cdb0-4347-938f-d895458a7e2f-powerlegpress.jpg', NULL),
                                                                                                                                                          (591, '레그 컬', '하체', '레그 컬 머신을 이용해 허벅지를 강화하는 운동입니다.', 'https://storage.googleapis.com/healthtartstorage/25174c7b-2e5f-442d-81d8-92245ed6d9d0-frontlegcurl.jpg', NULL),
                                                                                                                                                          (592, '바벨 스티프 레그 데드리프트', '하체', '바벨을 이용해 하체를 강화하는 데드리프트 운동입니다.', NULL, NULL),
                                                                                                                                                          (593, '브이 스쿼트', '하체', 'V자 형태로 스쿼트를 수행하는 운동입니다.', 'https://storage.googleapis.com/healthtartstorage/5701aec2-f2fb-4125-ad57-9ac38230a4bf-vsquat.jpg', NULL),
                                                                                                                                                          (594, '레그 익스텐션', '하체', '레그 익스텐션 머신을 이용해 허벅지를 강화하는 운동입니다.', 'https://storage.googleapis.com/healthtartstorage/0b4bb42c-d2eb-4dec-9c50-43db86837e39-legextention.jpg', NULL),
                                                                                                                                                          (595, '덤벨 런지', '하체', '덤벨을 들고 런지를 수행하는 운동입니다.', NULL, NULL),
                                                                                                                                                          (596, '핵 스쿼트 머신', '하체', '핵 스쿼트 머신을 이용해 하체를 강화하는 운동입니다.', NULL, NULL),
                                                                                                                                                          (597, '덤벨 스모 스쿼트', '하체', '덤벨을 들고 스모 자세로 스쿼트를 수행하는 운동입니다.', NULL, NULL),
                                                                                                                                                          (598, '카프 레이즈', '하체', '카프 레이즈를 수행하는 운동입니다.', NULL, NULL),
                                                                                                                                                          (599, '힙 어덕션 머신', '하체', '힙 어덕션 머신을 이용해 하체를 강화하는 운동입니다.', NULL, NULL),
                                                                                                                                                          (600, '힙 어브덕션 머신', '하체', '힙 어브덕션 머신을 이용해 하체를 강화하는 운동입니다.', NULL, NULL),
                                                                                                                                                          (601, '바벨 힙 쓰러스트', '하체', '바벨을 이용해 엉덩이를 강화하는 운동입니다.', NULL, NULL),
                                                                                                                                                          (602, '스미스 머신 스쿼트', '하체', '스미스 머신을 이용해 스쿼트를 수행하는 운동입니다.', 'https://storage.googleapis.com/healthtartstorage/d2b22034-f6f8-46c6-a2e0-f22a85f96d57-smithmachine.jpg', NULL),
                                                                                                                                                          (603, '원 레그 니 업', '하체', '한쪽 무릎을 들어올리는 운동입니다.', NULL, NULL),
                                                                                                                                                          (604, '바벨 와이드 스쿼트', '하체', '바벨을 넓게 잡고 스쿼트를 수행하는 운동입니다.', NULL, NULL),
                                                                                                                                                          (605, '스미스 머신 런지', '하체', '스미스 머신을 이용해 런지를 수행하는 운동입니다.', 'https://storage.googleapis.com/healthtartstorage/d2b22034-f6f8-46c6-a2e0-f22a85f96d57-smithmachine.jpg', NULL),
                                                                                                                                                          (606, '워킹 런지', '하체', '걷는 자세로 런지를 수행하는 운동입니다.', NULL, NULL),
                                                                                                                                                          (607, '바벨 내로우 스쿼트', '하체', '바벨을 좁게 잡고 스쿼트를 수행하는 운동입니다.', NULL, NULL),
                                                                                                                                                          (608, '스모 데드리프트', '하체', '스모 자세로 데드리프트를 수행하는 운동입니다.', NULL, NULL),
                                                                                                                                                          (609, '박스 스쿼트', '하체', '박스를 이용해 스쿼트를 수행하는 운동입니다.', NULL, NULL),
                                                                                                                                                          (610, '박스 점프', '하체', '박스 위로 점프하는 운동입니다.', NULL, NULL),
                                                                                                                                                          (611, '덤벨 불가리안 스플릿 스쿼트', '하체', '덤벨을 들고 불가리안 스플릿 스쿼트를 수행하는 운동입니다.', NULL, NULL),
                                                                                                                                                          (612, '프론트 스쿼트', '하체', '바벨을 앞쪽에 두고 스쿼트를 수행하는 운동입니다.', NULL, NULL),
                                                                                                                                                          (613, '글루트 햄 레이즈', '하체', '엉덩이와 허벅지를 강화하는 운동입니다.', NULL, NULL),
                                                                                                                                                          (614, '글루트 킥 백', '하체', '엉덩이를 뒤로 차는 운동입니다.', NULL, NULL),
                                                                                                                                                          (615, '고블릿 스쿼트', '하체', '덤벨을 들고 스쿼트를 수행하는 운동입니다.', NULL, NULL),
                                                                                                                                                          (616, '바벨 핵 스쿼트', '하체', '바벨을 이용해 핵 스쿼트를 수행하는 운동입니다.', NULL, NULL),
                                                                                                                                                          (617, '바벨 런지', '하체', '바벨을 들고 런지를 수행하는 운동입니다.', NULL, NULL),
                                                                                                                                                          (618, '피스톨 스쿼트', '하체', '한쪽 다리로 스쿼트를 수행하는 운동입니다.', NULL, NULL),
                                                                                                                                                          (619, '밴드 스쿼트', '하체', '밴드를 이용해 스쿼트를 수행하는 운동입니다.', NULL, NULL),
                                                                                                                                                          (620, '덤벨 스쿼트', '하체', '덤벨을 들고 스쿼트를 수행하는 운동입니다.', NULL, NULL),
                                                                                                                                                          (621, '스미스 머신 와이드 스쿼트', '하체', '스미스 머신을 이용해 넓은 자세로 스쿼트를 수행하는 운동입니다.', 'https://storage.googleapis.com/healthtartstorage/d2b22034-f6f8-46c6-a2e0-f22a85f96d57-smithmachine.jpg', NULL),
                                                                                                                                                          (622, '제르셔 스쿼트', '하체', '바벨을 이용해 제르셔 스쿼트를 수행하는 운동입니다.', NULL, NULL),
                                                                                                                                                          (623, '힙 익스텐션', '하체', '엉덩이를 들어올리는 운동입니다.', NULL, NULL),
                                                                                                                                                          (624, '백 런지', '하체', '뒤로 런지를 수행하는 운동입니다.', NULL, NULL),
                                                                                                                                                          (625, '힙 쓰러스트 머신', '하체', '힙 쓰러스트 머신을 이용해 엉덩이를 강화하는 운동입니다.', NULL, NULL),
                                                                                                                                                          (626, '사이드 런지', '하체', '옆으로 런지를 수행하는 운동입니다.', NULL, NULL),
                                                                                                                                                          (627, '힙 어브덕션', '하체', '엉덩이를 벌리는 운동입니다.', 'https://storage.googleapis.com/healthtartstorage/72de43dd-c949-40d2-a675-eb2f4fab88d1-hip%20abduction.jpg', NULL),
                                                                                                                                                          (628, '사이드 킥 백', '하체', '옆으로 킥하는 운동입니다.', NULL, NULL),
                                                                                                                                                          (629, '크로스 런지', '하체', '런지를 수행하며 몸을 비틀는 운동입니다.', NULL, NULL),
                                                                                                                                                          (630, '스탠딩 레그 컬', '하체', '서서 레그 컬을 수행하는 운동입니다.', NULL, NULL),
                                                                                                                                                          (631, '시티드 카프레이즈 머신', '하체', '카프레이즈 머신을 이용해 종아리를 강화하는 운동입니다.', NULL, NULL),
                                                                                                                                                          (632, '시티드 바벨 카프레이즈', '하체', '바벨을 이용해 종아리를 강화하는 운동입니다.', NULL, NULL),
                                                                                                                                                          (633, '케틀벨 스모 데드리프트 하이풀', '하체', '케틀벨을 이용해 스모 데드리프트를 수행하는 운동입니다.', NULL, NULL),
                                                                                                                                                          (634, '펜들럼 스쿼트', '하체', '펜들럼처럼 몸을 흔들며 스쿼트를 수행하는 운동입니다.', NULL, NULL),
                                                                                                                                                          (635, '원 레그 덤벨 데드리프트', '하체', '한쪽 다리로 덤벨을 들며 데드리프트를 수행하는 운동입니다.', NULL, NULL),
                                                                                                                                                          (636, '원 레그 바벨 힙쓰러스트', '하체', '한쪽 다리로 바벨을 들며 힙쓰러스트를 수행하는 운동입니다.', NULL, NULL),
                                                                                                                                                          (637, '점프 스쿼트', '하체', '점프를 하며 스쿼트를 수행하는 운동입니다.', NULL, NULL),
                                                                                                                                                          (638, '원 레그 프레스', '하체', '한쪽 다리로 레그 프레스를 수행하는 운동입니다.', NULL, NULL),
                                                                                                                                                          (639, '카프 레이즈 머신', '하체', '카프 레이즈 머신을 이용해 종아리를 강화하는 운동입니다.', NULL, NULL),
                                                                                                                                                          (640, '힙 익스텐션 머신', '하체', '힙 익스텐션 머신을 이용해 엉덩이를 강화하는 운동입니다.', NULL, NULL),
                                                                                                                                                          (641, '와이드 스쿼트', '하체', '넓은 자세로 스쿼트를 수행하는 운동입니다.', NULL, NULL),
                                                                                                                                                          (642, '스쿼트', '하체', '일반적인 스쿼트를 수행하는 운동입니다.', NULL, NULL),
                                                                                                                                                          (643, '덤벨 스티프 레그 데드리프트', '하체', '덤벨을 이용해 스티프 레그 데드리프트를 수행하는 운동입니다.', NULL, NULL),
                                                                                                                                                          (644, '글루트 킥 백 앤 사이드 킥', '하체', '엉덩이를 차고 옆으로 킥하는 운동입니다.', NULL, NULL),
                                                                                                                                                          (645, '글루트 킥 백 앤 크로스', '하체', '엉덩이를 차고 다리를 교차하는 운동입니다.', NULL, NULL),
                                                                                                                                                          (646, '니 힙 쓰러스트', '하체', '무릎을 들어올리며 엉덩이를 강화하는 운동입니다.', NULL, NULL),
                                                                                                                                                          (647, '사이드 레이즈 앤 킥', '하체', '사이드 레이즈와 킥을 결합한 운동입니다.', NULL, NULL),
                                                                                                                                                          (648, '스모 스쿼트 플로어 터치', '하체', '스모 스쿼트 자세에서 바닥을 터치하는 운동입니다.', NULL, NULL),
                                                                                                                                                          (649, '원 레그 데드리프트', '하체', '한쪽 다리로 데드리프트를 수행하는 운동입니다.', NULL, NULL),
                                                                                                                                                          (650, '원 레그 힙 쓰러스트', '하체', '한쪽 다리로 힙 쓰러스트를 수행하는 운동입니다.', NULL, NULL),
                                                                                                                                                          (651, '하이 니 스쿼트', '하체', '무릎을 높이 들어올리며 스쿼트를 수행하는 운동입니다.', NULL, NULL),
                                                                                                                                                          (652, '힙 쓰러스트', '하체', '엉덩이를 들어올리는 운동입니다.', NULL, NULL),
                                                                                                                                                          (653, '런지 점프', '하체', '런지를 하며 점프하는 운동입니다.', NULL, NULL),
                                                                                                                                                          (654, '월 싯', '하체', '벽에 기대어 앉는 자세를 유지하는 운동입니다.', NULL, NULL),
                                                                                                                                                          (655, '스텝백 핸드레이즈', '하체', '뒤로 나가며 팔을 들어올리는 운동입니다.', NULL, NULL),
                                                                                                                                                          (656, '시티드 레그 프레스', '하체', '레그 프레스 머신에 앉아 운동하는 것입니다.', 'https://storage.googleapis.com/healthtartstorage/59f63b08-3af1-4c1f-8a7a-a0594ef30de1-seatedlegpress.jpg', NULL),
                                                                                                                                                          (657, '벤치 스트레칭', '하체', '벤치를 이용해 하체를 스트레칭하는 운동입니다.', NULL, NULL),
                                                                                                                                                          (658, '햄스트링 스트레칭', '하체', '햄스트링을 스트레칭하는 운동입니다.', NULL, NULL),
                                                                                                                                                          (659, '고관절 스트레칭', '하체', '고관절을 스트레칭하는 운동입니다.', NULL, NULL),
                                                                                                                                                          (660, '허벅지 스트레칭', '하체', '허벅지를 스트레칭하는 운동입니다.', NULL, NULL),
                                                                                                                                                          (661, '사이드 레그 레이즈', '하체', '옆으로 다리를 들어올리는 운동입니다.', NULL, NULL),
                                                                                                                                                          (662, '종아리 스트레칭', '하체', '종아리를 스트레칭하는 운동입니다.', NULL, NULL),
                                                                                                                                                          (663, '라잉 고관절 스트레칭', '하체', '누운 자세에서 고관절을 스트레칭하는 운동입니다.', NULL, NULL),
                                                                                                                                                          (664, '허리 굽혀 스트레칭', '하체', '허리를 굽혀 스트레칭하는 운동입니다.', NULL, NULL),
                                                                                                                                                          (665, '싱글 라잉 레그 컬', '하체', '한쪽 다리로 레그 컬을 수행하는 운동입니다.', NULL, NULL),
                                                                                                                                                          (666, '원 레그 익스텐션', '하체', '한쪽 다리로 익스텐션을 수행하는 운동입니다.', NULL, NULL),
                                                                                                                                                          (667, '스텝 박스 덤벨 백 런지', '하체', '스텝 박스를 이용해 백 런지를 수행하는 운동입니다.', NULL, NULL),
                                                                                                                                                          (668, '케틀벨 프론트 스쿼트', '하체', '케틀벨을 들고 스쿼트를 수행하는 운동입니다.', NULL, NULL),
                                                                                                                                                          (669, '보수볼 하이 니 런지', '하체', '보수볼을 들고 하이 니 런지를 수행하는 운동입니다.', NULL, NULL),
                                                                                                                                                          (670, '케이블 힙 어브덕션', '하체', '케이블을 이용해 엉덩이를 벌리는 운동입니다.', NULL, NULL),
                                                                                                                                                          (671, '케이블 덩키 킥', '하체', '케이블을 이용해 엉덩이를 차는 운동입니다.', NULL, NULL),
                                                                                                                                                          (672, '케이블 힙 어덕션', '하체', '케이블을 이용해 엉덩이를 끌어내리는 운동입니다.', NULL, NULL),
                                                                                                                                                          (673, '힙 익스텐션 (케이블)', '하체', '케이블을 이용해 힙을 강화하는 운동입니다.', NULL, NULL),
                                                                                                                                                          (674, '폼롤러 글루트', '하체', '폼롤러를 이용해 엉덩이를 마사지하는 운동입니다.', NULL, NULL),
                                                                                                                                                          (675, '폼롤러 햄스트링', '하체', '폼롤러로 햄스트링을 마사지하는 운동입니다.', NULL, NULL),
                                                                                                                                                          (676, '폼롤러 라잉 콰드러셉스', '하체', '폼롤러로 허벅지를 마사지하는 운동입니다.', NULL, NULL),
                                                                                                                                                          (677, '폼롤러 렉터스 페머리스', '하체', '폼롤러로 허벅지를 마사지하는 운동입니다.', NULL, NULL),
                                                                                                                                                          (678, '스탠딩 콰드러셉스 스트레칭', '하체', '서서 허벅지를 스트레칭하는 운동입니다.', NULL, NULL),
                                                                                                                                                          (679, '폼롤러 롤 힙 스트레칭', '하체', '폼롤러로 엉덩이를 마사지하는 운동입니다.', NULL, NULL),
                                                                                                                                                          (680, '폼롤러 사이드 라잉 퍼로니얼 스트레칭', '하체', '폼롤러로 엉덩이를 마사지하는 운동입니다.', NULL, NULL),
                                                                                                                                                          (681, '폼롤러 퍼로니얼', '하체', '폼롤러로 근육을 마사지하는 운동입니다.', NULL, NULL),
                                                                                                                                                          (682, '폼롤러 싱글 레그 캐브즈', '하체', '폼롤러로 종아리를 마사지하는 운동입니다.', NULL, NULL),
                                                                                                                                                          (683, '폼롤러 캐브즈', '하체', '폼롤러로 종아리를 마사지하는 운동입니다.', NULL, NULL),
                                                                                                                                                          (684, '폼롤러 햄스트링 앤 글루트', '하체', '폼롤러로 햄스트링과 엉덩이를 마사지하는 운동입니다.', NULL, NULL),
                                                                                                                                                          (685, '힙 글루트 머신', '하체', '힙 글루트 머신을 이용해 엉덩이를 강화하는 운동입니다.', NULL, NULL),
                                                                                                                                                          (686, '앉았다 일어나기', '하체', '앉았다 일어나는 동작을 반복하는 운동입니다.', NULL, NULL),
                                                                                                                                                          (687, '크로스오버 힙/고관절 스트레칭', '하체', '크로스오버 자세에서 스트레칭하는 운동입니다.', NULL, NULL),
                                                                                                                                                          (688, '런지 고관절 스트레칭', '하체', '런지 자세로 고관절을 스트레칭하는 운동입니다.', NULL, NULL),
                                                                                                                                                          (689, '햄스트링 스트레칭', '하체', '햄스트링을 스트레칭하는 운동입니다.', NULL, NULL),
                                                                                                                                                          (690, '바벨 카프 레이즈', '하체', '바벨을 이용해 카프 레이즈를 수행하는 운동입니다.', NULL, NULL),
                                                                                                                                                          (691, '바벨 닐링 스쿼트', '하체', '바벨을 이용해 무릎을 꿇고 스쿼트를 수행하는 운동입니다.', NULL, NULL),
                                                                                                                                                          (692, '덤벨 백 런지', '하체', '덤벨을 들고 백 런지를 수행하는 운동입니다.', NULL, NULL),
                                                                                                                                                          (693, '박스 피스톨 스쿼트', '하체', '박스를 이용해 피스톨 스쿼트를 수행하는 운동입니다.', NULL, NULL),
                                                                                                                                                          (694, '박스 케틀벨 스쿼트', '하체', '박스를 이용해 케틀벨 스쿼트를 수행하는 운동입니다.', NULL, NULL),
                                                                                                                                                          (695, '박스 바벨 스쿼트', '하체', '박스를 이용해 바벨 스쿼트를 수행하는 운동입니다.', NULL, NULL),
                                                                                                                                                          (696, '시티드 레그 컬', '하체', '시티드 레그 컬 머신을 이용해 운동하는 것입니다.', NULL, NULL),
                                                                                                                                                          (697, '리버스 하이퍼 머신', '하체', '리버스 하이퍼 머신을 이용해 하체를 강화하는 운동입니다.', NULL, NULL),
                                                                                                                                                          (698, '보수볼 스쿼트', '하체', '보수볼을 이용해 스쿼트를 수행하는 운동입니다.', NULL, NULL),
                                                                                                                                                          (699, '스플릿 스쿼트', '하체', '한쪽 발로 스쿼트를 수행하는 운동입니다.', NULL, NULL),
                                                                                                                                                          (700, '덤벨 스플릿 스쿼트', '하체', '덤벨을 들고 스플릿 스쿼트를 수행하는 운동입니다.', NULL, NULL),
                                                                                                                                                          (701, '시티드 레그 프레스 카프 레이즈', '하체', '레그 프레스 머신에서 카프 레이즈를 수행하는 운동입니다.', NULL, NULL),
                                                                                                                                                          (702, '케틀벨 런지', '하체', '케틀벨을 들고 런지를 수행하는 운동입니다.', NULL, NULL),
                                                                                                                                                          (703, '케틀벨 고블릿 스쿼트', '하체', '케틀벨을 들고 고블릿 스쿼트를 수행하는 운동입니다.', NULL, NULL),
                                                                                                                                                          (704, '원 레그 케틀벨 데드리프트', '하체', '한쪽 다리로 케틀벨 데드리프트를 수행하는 운동입니다.', NULL, NULL),
                                                                                                                                                          (705, '스미스 머신 힙 쓰러스트', '하체', '스미스 머신을 이용해 힙 쓰러스트를 수행하는 운동입니다.', 'https://storage.googleapis.com/healthtartstorage/d2b22034-f6f8-46c6-a2e0-f22a85f96d57-smithmachine.jpg', NULL),
                                                                                                                                                          (706, '스미스 머신 카프 레이즈', '하체', '스미스 머신을 이용해 카프 레이즈를 수행하는 운동입니다.', 'https://storage.googleapis.com/healthtartstorage/d2b22034-f6f8-46c6-a2e0-f22a85f96d57-smithmachine.jpg', NULL),
                                                                                                                                                          (707, '스탠딩 힙 어브덕션', '하체', '서서 힙 어브덕션 운동을 수행하는 것입니다.', NULL, NULL),
                                                                                                                                                          (708, '밴드 힙 어브덕션', '하체', '밴드를 이용해 힙 어브덕션 운동을 수행하는 것입니다.', NULL, NULL),
                                                                                                                                                          (709, '바벨 제퍼슨 스쿼트', '하체', '바벨을 이용해 제퍼슨 스쿼트를 수행하는 운동입니다.', NULL, NULL),
                                                                                                                                                          (710, '다리 찢기', '하체', '다리를 벌리며 스트레칭하는 운동입니다.', NULL, NULL),
                                                                                                                                                          (711, '덤벨 크로스 런지', '하체', '덤벨을 들고 크로스 런지를 수행하는 운동입니다.', NULL, NULL),
                                                                                                                                                          (712, '크랩 워킹', '하체', '크랩 자세로 워킹하는 운동입니다.', NULL, NULL),
                                                                                                                                                          (713, '몬스터 글루트 머신', '하체', '몬스터 글루트 머신을 이용해 하체를 강화하는 운동입니다.', NULL, NULL),
                                                                                                                                                          (714, '덤벨 워킹 런지', '하체', '덤벨을 들고 워킹 런지를 수행하는 운동입니다.', NULL, NULL),
                                                                                                                                                          (715, '바벨 워킹 런지', '하체', '바벨을 들고 워킹 런지를 수행하는 운동입니다.', NULL, NULL),
                                                                                                                                                          (716, '원 레그 스미스 머신 데드리프트', '하체', '스미스 머신으로 한쪽 다리로 데드리프트를 수행하는 운동입니다.', 'https://storage.googleapis.com/healthtartstorage/d2b22034-f6f8-46c6-a2e0-f22a85f96d57-smithmachine.jpg', NULL),
                                                                                                                                                          (717, '덤벨 와이드 스쿼트', '하체', '덤벨을 들고 넓은 자세로 스쿼트를 수행하는 운동입니다.', NULL, NULL),
                                                                                                                                                          (718, '내로우 스쿼트', '하체', '좁은 자세로 스쿼트를 수행하는 운동입니다.', NULL, NULL),
                                                                                                                                                          (719, '스미스 머신 크로스 런지', '하체', '스미스 머신으로 크로스 런지를 수행하는 운동입니다.', NULL, NULL),
                                                                                                                                                          (720, '로우 런지', '하체', '뒤로 런지를 수행하는 운동입니다.', NULL, NULL),
                                                                                                                                                          (721, '런지 트위스트', '하체', '런지 동작을 하면서 몸을 비트는 운동입니다.', NULL, NULL),
                                                                                                                                                          (722, '레버리지 스쿼트', '하체', '레버리지 머신을 이용해 스쿼트를 수행하는 운동입니다.', NULL, NULL),
                                                                                                                                                          (723, '리버스 브이 스쿼트', '하체', '리버스 V자 형태로 스쿼트를 수행하는 운동입니다.', NULL, NULL),
                                                                                                                                                          (724, '리버스 핵 스쿼트', '하체', '리버스 핵 스쿼트를 수행하는 운동입니다.', NULL, NULL),
                                                                                                                                                          (725, '스미스 머신 스티프 레그 데드리프트', '하체', '스미스 머신으로 스티프 레그 데드리프트를 수행하는 운동입니다.', NULL, NULL),
                                                                                                                                                          (726, '스미스 머신 데드리프트', '하체', '스미스 머신으로 데드리프트를 수행하는 운동입니다.', NULL, NULL),
                                                                                                                                                          (727, '스미스 머신 스모 데드리프트', '하체', '스미스 머신으로 스모 자세로 데드리프트를 수행하는 운동입니다.', NULL, NULL),
                                                                                                                                                          (728, '덤벨 레터럴 스텝업', '하체', '덤벨을 들고 측면으로 스텝업하는 운동입니다.', NULL, NULL),
                                                                                                                                                          (729, '케틀벨 레터럴 스텝업', '하체', '케틀벨을 들고 측면으로 스텝업하는 운동입니다.', NULL, NULL),
                                                                                                                                                          (730, '덤벨 스텝업', '하체', '덤벨을 들고 스텝업하는 운동입니다.', NULL, NULL),
                                                                                                                                                          (731, '밴드 스텝업', '하체', '밴드를 이용해 스텝업하는 운동입니다.', NULL, NULL),
                                                                                                                                                          (732, '스미스 머신 닐링 스쿼트', '하체', '스미스 머신으로 무릎 꿇고 스쿼트를 수행하는 운동입니다.', 'https://storage.googleapis.com/healthtartstorage/d2b22034-f6f8-46c6-a2e0-f22a85f96d57-smithmachine.jpg', NULL),
                                                                                                                                                          (733, '덤벨 힙 쓰러스트', '하체', '덤벨을 이용해 힙 쓰러스트를 수행하는 운동입니다.', NULL, NULL),
                                                                                                                                                          (734, '노르딕 컬', '하체', '노르딕 컬 운동으로 하체를 강화하는 운동입니다.', NULL, NULL),
                                                                                                                                                          (735, '씨시 스쿼트', '하체', '씨시 자세로 스쿼트를 수행하는 운동입니다.', NULL, NULL),
                                                                                                                                                          (736, '클램쉘', '하체', '엉덩이 근육을 강화하는 운동입니다.', NULL, NULL),
                                                                                                                                                          (737, '스미스 머신 스플릿 스쿼트', '하체', '스미스 머신으로 스플릿 스쿼트를 수행하는 운동입니다.', 'https://storage.googleapis.com/healthtartstorage/d2b22034-f6f8-46c6-a2e0-f22a85f96d57-smithmachine.jpg', NULL),
                                                                                                                                                          (738, '핵 프레스 머신', '하체', '핵 프레스 머신을 이용해 하체를 강화하는 운동입니다.', NULL, NULL),
                                                                                                                                                          (739, '케이블 풀 쓰루', '하체', '케이블을 이용해 풀 쓰루하는 운동입니다.', NULL, NULL),
                                                                                                                                                          (740, '보수볼 원 레그 스쿼트', '하체', '보수볼을 이용해 한쪽 다리로 스쿼트를 수행하는 운동입니다.', NULL, NULL),
                                                                                                                                                          (741, '중량 보수볼 스쿼트', '하체', '중량을 이용해 보수볼 스쿼트를 수행하는 운동입니다.', NULL, NULL),
                                                                                                                                                          (742, '원 레그 핵 스쿼트', '하체', '한쪽 다리로 핵 스쿼트를 수행하는 운동입니다.', NULL, NULL),
                                                                                                                                                          (743, '스텝박스 레그 컬', '하체', '스텝박스를 이용해 레그 컬을 수행하는 운동입니다.', NULL, NULL),
                                                                                                                                                          (744, '해머 스트렝스 레그 익스텐션', '하체', '해머스트렝스 머신을 이용해 레그 익스텐션을 수행하는 운동입니다.', NULL, NULL),
                                                                                                                                                          (745, '해머 스트렝스 힙 프레스', '하체', '해머스트렝스 머신을 이용해 엉덩이를 강화하는 운동입니다.', NULL, NULL),
                                                                                                                                                          (746, '해머 스트렝스 스쿼트', '하체', '해머스트렝스 머신을 이용해 스쿼트를 수행하는 운동입니다.', NULL, NULL),
                                                                                                                                                          (747, '해머 스트렝스 런지', '하체', '해머스트렝스 머신을 이용해 런지를 수행하는 운동입니다.', NULL, NULL),
                                                                                                                                                          (748, '해머 스트렝스 불가리안 스플릿 스쿼트', '하체', '해머스트렝스 머신을 이용해 불가리안 스플릿 스쿼트를 수행하는 운동입니다.', NULL, NULL),
                                                                                                                                                          (749, '해머 스트렝스 원 레그 익스텐션', '하체', '해머스트렝스 머신을 이용해 한쪽 다리로 익스텐션을 수행하는 운동입니다.', NULL, NULL),
                                                                                                                                                          (750, '스탠딩 힙 어브덕션 머신', '하체', '스탠딩 힙 어브덕션 머신을 이용해 엉덩이를 강화하는 운동입니다.', NULL, NULL),
                                                                                                                                                          (751, 'Cybex 스쿼트 프레스', '하체', 'Cybex 머신을 이용해 스쿼트를 수행하는 운동입니다.', NULL, NULL),
                                                                                                                                                          (752, '점프 덤벨 스쿼트', '하체', '덤벨을 들고 점프 스쿼트를 수행하는 운동입니다.', NULL, NULL),
                                                                                                                                                          (753, '케이블 스쿼트', '하체', '케이블을 이용해 스쿼트를 수행하는 운동입니다.', NULL, NULL),
                                                                                                                                                          (754, '원 레그 킥 (필라테스)', '하체', '한쪽 다리로 킥을 수행하는 필라테스 운동입니다.', NULL, NULL),
                                                                                                                                                          (755, '더블 레그 킥 (필라테스)', '하체', '두 다리로 킥을 수행하는 필라테스 운동입니다.', NULL, NULL),
                                                                                                                                                          (756, '시저 (필라테스)', '하체', '필라테스 동작으로 다리를 교차시키는 운동입니다.', NULL, NULL),
                                                                                                                                                          (757, '바이시클 (필라테스)', '하체', '바이시클 자세로 다리를 회전시키는 필라테스 운동입니다.', NULL, NULL),
                                                                                                                                                          (758, '숄더 브릿지 (필라테스)', '하체', '필라테스 동작으로 다리를 들어올리는 운동입니다.', NULL, NULL),
                                                                                                                                                          (759, '사이드 킥 (필라테스)', '하체', '사이드 킥 동작을 수행하는 필라테스 운동입니다.', NULL, NULL),
                                                                                                                                                          (760, '덤벨 사이드 런지', '하체', '덤벨을 들고 측면으로 런지를 수행하는 운동입니다.', NULL, NULL),
                                                                                                                                                          (761, '브이 스쿼트 머신 런지', '하체', '브이 스쿼트 머신을 이용해 런지를 수행하는 운동입니다.', NULL, NULL),
                                                                                                                                                          (762, '스미스 머신 스태거드 데드리프트', '하체', '스미스 머신을 이용해 스태거드 데드리프트를 수행하는 운동입니다.', 'https://storage.googleapis.com/healthtartstorage/d2b22034-f6f8-46c6-a2e0-f22a85f96d57-smithmachine.jpg', NULL),
                                                                                                                                                          (763, '덤벨 스태거드 데드리프트', '하체', '덤벨을 이용해 스태거드 데드리프트를 수행하는 운동입니다.', NULL, NULL),
                                                                                                                                                          (764, '바벨 스태거드 데드리프트', '하체', '바벨을 이용해 스태거드 데드리프트를 수행하는 운동입니다.', NULL, NULL),
                                                                                                                                                          (765, '플레이트 스태거드 데드리프트', '하체', '플레이트를 이용해 스태거드 데드리프트를 수행하는 운동입니다.', NULL, NULL),
                                                                                                                                                          (766, '케틀벨 스태거드 데드리프트', '하체', '케틀벨을 이용해 스태거드 데드리프트를 수행하는 운동입니다.', NULL, NULL),
                                                                                                                                                          (767, '스태거드 데드리프트', '하체', '스태거드 자세로 데드리프트를 수행하는 운동입니다.', NULL, NULL),
                                                                                                                                                          (768, '원 레그 바벨 데드리프트', '하체', '한쪽 다리로 바벨 데드리프트를 수행하는 운동입니다.', NULL, NULL),
                                                                                                                                                          (769, '브이 스쿼트 머신 원 레그 데드리프트', '하체', '브이 스쿼트 머신을 이용해 한쪽 다리로 데드리프트를 수행하는 운동입니다.', NULL, NULL),
                                                                                                                                                          (770, '스탠딩 사이드킥', '하체', '서서 사이드킥을 수행하는 운동입니다.', NULL, NULL),
                                                                                                                                                          (771, '스탠딩 덤벨 사이드킥', '하체', '덤벨을 들고 사이드킥을 수행하는 운동입니다.', NULL, NULL),
                                                                                                                                                          (772, '바벨 오버헤드 스쿼트', '하체', '바벨을 들고 오버헤드 스쿼트를 수행하는 운동입니다.', NULL, NULL),
                                                                                                                                                          (773, '스탠딩 킥 백', '하체', '서서 킥 백을 수행하는 운동입니다.', NULL, NULL),
                                                                                                                                                          (774, '티비알리스 레이즈', '하체', '티비알리스를 이용해 레이즈하는 운동입니다.', NULL, NULL),
                                                                                                                                                          (775, '원 레그 스미스 머신 스쿼트', '하체', '스미스 머신을 이용해 한쪽 다리로 스쿼트를 수행하는 운동입니다.', 'https://storage.googleapis.com/healthtartstorage/d2b22034-f6f8-46c6-a2e0-f22a85f96d57-smithmachine.jpg', NULL),
                                                                                                                                                          (776, '스미스 머신 덩키 킥', '하체', '스미스 머신을 이용해 덩키 킥을 수행하는 운동입니다.', 'https://storage.googleapis.com/healthtartstorage/d2b22034-f6f8-46c6-a2e0-f22a85f96d57-smithmachine.jpg', NULL),
                                                                                                                                                          (777, '스미스 머신 불가리안 스플릿 스쿼트', '하체', '스미스 머신을 이용해 불가리안 스플릿 스쿼트를 수행하는 운동입니다.', 'https://storage.googleapis.com/healthtartstorage/d2b22034-f6f8-46c6-a2e0-f22a85f96d57-smithmachine.jpg', NULL),
                                                                                                                                                          (778, '힙 브릿지', '하체', '엉덩이를 들어올리는 브릿지 운동입니다.', NULL, NULL),
                                                                                                                                                          (779, '덤벨 내로우 스쿼트', '하체', '덤벨을 들고 좁은 자세로 스쿼트를 수행하는 운동입니다.', NULL, NULL),
                                                                                                                                                          (780, '이지바 스티프 레그 데드리프트', '하체', '이지바를 이용해 스티프 레그 데드리프트를 수행하는 운동입니다.', NULL, NULL),
                                                                                                                                                          (781, '밴드 리버스 하이퍼', '하체', '밴드를 이용해 리버스 하이퍼를 수행하는 운동입니다.', NULL, NULL),
                                                                                                                                                          (782, '스미스 머신 스텝업 and 런지', '하체', '스텝업과 런지를 결합한 운동입니다.', NULL, NULL),
                                                                                                                                                          (783, '덤벨 스쿼트 투 오버헤드 프레스', '하체', '덤벨 스쿼트를 한 후 오버헤드 프레스를 수행하는 운동입니다.', NULL, NULL),
                                                                                                                                                          (784, 'TRX 스프린터 스타트', '하체', 'TRX를 이용해 스프린터 스타트를 수행하는 운동입니다.', NULL, NULL),
                                                                                                                                                          (785, 'TRX 싱글 레그 스쿼트', '하체', 'TRX를 이용해 한쪽 다리로 스쿼트를 수행하는 운동입니다.', NULL, NULL),
                                                                                                                                                          (786, 'TRX 서스펜디드 런지', '하체', 'TRX를 이용해 런지를 수행하는 운동입니다.', NULL, NULL),
                                                                                                                                                          (787, 'TRX 햄스트링 컬', '하체', 'TRX를 이용해 햄스트링을 컬하는 운동입니다.', NULL, NULL),
                                                                                                                                                          (788, '박스 점프 오버', '하체', '박스를 넘으며 점프하는 운동입니다.', NULL, NULL),
                                                                                                                                                          (789, '퍼즈 스모 데드리프트', '하체', '스모 자세로 데드리프트를 수행하는 운동입니다.', NULL, NULL),
                                                                                                                                                          (790, '퍼즈 스쿼트', '하체', '퍼즈 스쿼트를 수행하는 운동입니다.', NULL, NULL),
                                                                                                                                                          (791, '퍼펙트 스쿼트 머신', '하체', '퍼펙트 스쿼트 머신을 이용해 스쿼트를 수행하는 운동입니다.', NULL, NULL),
                                                                                                                                                          (792, '리어 킥 머신', '하체', '리어 킥 머신을 이용해 엉덩이를 강화하는 운동입니다.', NULL, NULL),
                                                                                                                                                          (793, '파이어 하이드런트', '하체', '무릎을 구부리고 엉덩이를 강화하는 운동입니다.', NULL, NULL),
                                                                                                                                                          (794, '브이 스쿼트 굿모닝', '하체', '굿모닝 동작을 V자 자세로 수행하는 운동입니다.', NULL, NULL),
                                                                                                                                                          (795, '케이블 힙 플렉션', '하체', '케이블을 이용해 엉덩이를 강화하는 운동입니다.', NULL, NULL),
                                                                                                                                                          (796, '힙 플렉션', '하체', '엉덩이를 강화하는 운동입니다.', NULL, NULL),
                                                                                                                                                          (797, '슬레드 푸쉬', '하체', '슬레드를 밀며 운동하는 것입니다.', NULL, NULL),
                                                                                                                                                          (798, '벨트 스쿼트', '하체', '벨트를 이용해 스쿼트를 수행하는 운동입니다.', NULL, NULL),
                                                                                                                                                          (799, '짐볼 스플릿 스쿼트', '하체', '짐볼을 이용해 스플릿 스쿼트를 수행하는 운동입니다.', NULL, NULL),
                                                                                                                                                          (800, '카프 익스텐션 머신', '하체', '카프 익스텐션 머신을 이용해 종아리를 강화하는 운동입니다.', NULL, NULL),
                                                                                                                                                          (801, '케이블 백 런지', '하체', '케이블을 이용해 백 런지를 수행하는 운동입니다.', NULL, NULL),
                                                                                                                                                          (802, '케틀벨 힙 쓰러스트', '하체', '케틀벨을 이용해 힙 쓰러스트를 수행하는 운동입니다.', NULL, NULL),
                                                                                                                                                          (803, '덤벨 리스트 컬', '전완근', '덤벨을 이용해 리스트 컬을 수행하는 운동입니다.', NULL, NULL),
                                                                                                                                                          (804, '바벨 리스트 컬', '전완근', '바벨을 이용해 리스트 컬을 수행하는 운동입니다.', NULL, NULL),
                                                                                                                                                          (805, '리스트 롤러', '전완근', '리스트 롤러를 이용해 전완근을 강화하는 운동입니다.', NULL, NULL),
                                                                                                                                                          (806, '리버스 바벨 리스트 컬', '전완근', '바벨을 이용해 리버스 리스트 컬을 수행하는 운동입니다.', NULL, NULL),
                                                                                                                                                          (807, '리버스 덤벨 리스트 컬', '전완근', '덤벨을 이용해 리버스 리스트 컬을 수행하는 운동입니다.', NULL, NULL),
                                                                                                                                                          (808, '악력기', '전완근', '악력기를 이용해 손가락 힘을 강화하는 운동입니다.', NULL, NULL),
                                                                                                                                                          (809, '바벨 바이셉 컬', '이두', '바벨을 이용해 바이셉 컬을 수행하는 운동입니다.', NULL, NULL),
                                                                                                                                                          (810, '케이블 바이셉 컬', '이두', '케이블을 이용해 바이셉 컬을 수행하는 운동입니다.', NULL, NULL),
                                                                                                                                                          (811, '친 업', '이두', '바를 잡고 당기는 운동입니다.', 'https://storage.googleapis.com/healthtartstorage/9849743e-c5e0-4fdc-aa3b-8e4c338bfeed-assisted_dip_chin.jpg', NULL),
                                                                                                                                                          (812, '덤벨 프리쳐 컬', '이두', '덤벨을 이용해 프리쳐 컬을 수행하는 운동입니다.', 'https://storage.googleapis.com/healthtartstorage/619f8882-ef15-459e-ace9-b7196516b2ac-dumbbell.jpg', NULL),
                                                                                                                                                          (813, '덤벨 바이셉 컬', '이두', '덤벨을 이용해 바이셉 컬을 수행하는 운동입니다.', 'https://storage.googleapis.com/healthtartstorage/619f8882-ef15-459e-ace9-b7196516b2ac-dumbbell.jpg', NULL),
                                                                                                                                                          (814, '이지바 바이셉 컬', '이두', '이지바를 이용해 바이셉 컬을 수행하는 운동입니다.', NULL, NULL),
                                                                                                                                                          (815, '덤벨 해머 컬', '이두', '덤벨을 이용해 해머 컬을 수행하는 운동입니다.', NULL, NULL),
                                                                                                                                                          (816, '컨센트레이션 컬', '이두', '앉아서 실시하는 바이셉 컬입니다.', 'https://storage.googleapis.com/healthtartstorage/705c6264-919f-467e-bef7-ce23504a956b-bicepscurl.jpg', NULL),
                                                                                                                                                          (817, '프리쳐 컬 머신', '이두', '프리쳐 컬 머신을 이용해 바이셉 컬을 수행하는 운동입니다.', 'https://storage.googleapis.com/healthtartstorage/48a54a47-2bdb-4291-89c2-15190ca09eab-preachercurlmachine.jpg', NULL),
                                                                                                                                                          (818, '케이블 해머 컬', '이두', '케이블을 이용해 해머 컬을 수행하는 운동입니다.', NULL, NULL),
                                                                                                                                                          (819, '밴드 해머 컬', '이두', '밴드를 이용해 해머 컬을 수행하는 운동입니다.', NULL, NULL),
                                                                                                                                                          (820, '바벨 프리쳐 컬', '이두', '바벨을 이용해 프리쳐 컬을 수행하는 운동입니다.', NULL, NULL),
                                                                                                                                                          (821, '덤벨 리버스 컬', '이두', '덤벨을 이용해 리버스 컬을 수행하는 운동입니다.', 'https://storage.googleapis.com/healthtartstorage/619f8882-ef15-459e-ace9-b7196516b2ac-dumbbell.jpg', NULL),
                                                                                                                                                          (822, '바벨 리버스 컬', '이두', '바벨을 이용해 리버스 컬을 수행하는 운동입니다.', NULL, NULL),
                                                                                                                                                          (823, '오버헤드 케이블 바이셉 컬', '이두', '오버헤드 자세에서 케이블 바이셉 컬을 수행하는 운동입니다.', NULL, NULL),
                                                                                                                                                          (824, '이지바 프리쳐 컬', '이두', '이지바를 이용해 프리쳐 컬을 수행하는 운동입니다.', 'https://storage.googleapis.com/healthtartstorage/48a54a47-2bdb-4291-89c2-15190ca09eab-preachercurlmachine.jpg', NULL),
                                                                                                                                                          (825, '인클라인 덤벨 컬', '이두', '인클라인 자세에서 덤벨 컬을 수행하는 운동입니다.', 'https://storage.googleapis.com/healthtartstorage/cf780b34-d1db-4467-82a0-d05491640838-inclinebench.jpg', NULL),
                                                                                                                                                          (826, '인클라인 덤벨 해머 컬', '이두', '인클라인 자세에서 해머 컬을 수행하는 운동입니다.', 'https://storage.googleapis.com/healthtartstorage/cf780b34-d1db-4467-82a0-d05491640838-inclinebench.jpg', NULL),
                                                                                                                                                          (827, '인클라인 덤벨 리버스 컬', '이두', '인클라인 자세에서 리버스 컬을 수행하는 운동입니다.', 'https://storage.googleapis.com/healthtartstorage/cf780b34-d1db-4467-82a0-d05491640838-inclinebench.jpg', NULL),
                                                                                                                                                          (828, '케이블 리버스 컬', '이두', '케이블을 이용해 리버스 컬을 수행하는 운동입니다.', 'https://storage.googleapis.com/healthtartstorage/6347d4f3-a29f-4500-9092-91f787fc0e33-cablecrossover.jpg', NULL),
                                                                                                                                                          (829, '이지바 리버스 컬', '이두', '이지바를 이용해 리버스 컬을 수행하는 운동입니다.', NULL, NULL),
                                                                                                                                                          (830, '케이블 프리쳐 컬', '이두', '케이블을 이용해 프리쳐 컬을 수행하는 운동입니다.', 'https://storage.googleapis.com/healthtartstorage/6347d4f3-a29f-4500-9092-91f787fc0e33-cablecrossover.jpg', NULL),
                                                                                                                                                          (831, '인클라인 바벨 리버스 컬', '이두', '인클라인 자세에서 바벨 리버스 컬을 수행하는 운동입니다.', NULL, NULL),
                                                                                                                                                          (832, '원 암 케이블 바이셉 컬', '이두', '한쪽 팔로 케이블 바이셉 컬을 수행하는 운동입니다.', 'https://storage.googleapis.com/healthtartstorage/6347d4f3-a29f-4500-9092-91f787fc0e33-cablecrossover.jpg', NULL),
                                                                                                                                                          (833, '해머스트렝스 프리쳐 컬', '이두', '해머스트렝스 머신을 이용해 프리쳐 컬을 수행하는 운동입니다.', NULL, NULL),
                                                                                                                                                          (834, '레그 바이셉 컬', '이두', '레그 컬 머신을 이용해 이두를 강화하는 운동입니다.', NULL, NULL),
                                                                                                                                                          (835, '리버스 푸쉬업', '이두', '역푸쉬업을 수행하는 운동입니다.', NULL, NULL),
                                                                                                                                                          (836, '시티드 넥 탭', '이두', '시티드 자세에서 넥 탭 운동을 수행하는 것입니다.', NULL, NULL),
                                                                                                                                                          (837, '스탠딩 플라이', '이두', '서서 플라이 운동을 수행하는 것입니다.', NULL, NULL),
                                                                                                                                                          (838, '써클 엘보우 암', '이두', '써클 자세에서 팔을 움직이는 운동입니다.', NULL, NULL),
                                                                                                                                                          (839, '프론트 스쿱스', '이두', '앞으로 쏟아내는 동작을 하는 운동입니다.', NULL, NULL),
                                                                                                                                                          (840, '밴드 바이셉 컬', '이두', '밴드를 이용해 바이셉 컬을 수행하는 운동입니다.', NULL, NULL),
                                                                                                                                                          (841, '밴드 원 암 컬', '이두', '밴드를 이용해 한쪽 팔로 컬을 수행하는 운동입니다.', NULL, NULL),
                                                                                                                                                          (842, '암 컬 머신', '이두', '암 컬 머신을 이용해 이두를 강화하는 운동입니다.', 'https://storage.googleapis.com/healthtartstorage/88884e72-bb36-4bf4-9602-6d633c5834d2-armcurl.jpg', NULL),
                                                                                                                                                          (843, '덤벨 조트맨 컬', '이두', '덤벨을 이용해 조트맨 컬을 수행하는 운동입니다.', 'https://storage.googleapis.com/healthtartstorage/619f8882-ef15-459e-ace9-b7196516b2ac-dumbbell.jpg', NULL),
                                                                                                                                                          (844, '시티드 덤벨 드래그 컬', '이두', '덤벨을 이용해 드래그 컬을 수행하는 운동입니다.', 'https://storage.googleapis.com/healthtartstorage/619f8882-ef15-459e-ace9-b7196516b2ac-dumbbell.jpg', NULL),
                                                                                                                                                          (845, '덤벨 드래그 컬', '이두', '덤벨로 드래그 컬을 수행하는 운동입니다.', 'https://storage.googleapis.com/healthtartstorage/619f8882-ef15-459e-ace9-b7196516b2ac-dumbbell.jpg', NULL),
                                                                                                                                                          (846, '이지바 드래그 컬', '이두', '이지바를 이용해 드래그 컬을 수행하는 운동입니다.', NULL, NULL),
                                                                                                                                                          (847, '케이블 드래그 컬', '이두', '케이블을 이용해 드래그 컬을 수행하는 운동입니다.', 'https://storage.googleapis.com/healthtartstorage/6347d4f3-a29f-4500-9092-91f787fc0e33-cablecrossover.jpg', NULL),
                                                                                                                                                          (848, '바벨 드래그 컬', '이두', '바벨을 이용해 드래그 컬을 수행하는 운동입니다.', NULL, NULL),
                                                                                                                                                          (849, '해머 스트렝스 MTS 바이셉 컬', '이두', '해머스트렝스 머신을 이용해 바이셉 컬을 수행하는 운동입니다.', NULL, NULL),
                                                                                                                                                          (850, '해머 스트렝스 MTS 원 암 바이셉 컬', '이두', '해머스트렝스 머신으로 한쪽 팔로 바이셉 컬을 수행하는 운동입니다.', NULL, NULL),
                                                                                                                                                          (851, '원 암 덤벨 프리쳐 컬', '이두', '원 암으로 덤벨 프리쳐 컬을 수행하는 운동입니다.', NULL, NULL),
                                                                                                                                                          (852, '스파이더 덤벨 컬', '이두', '스파이더 자세로 덤벨 컬을 수행하는 운동입니다.', NULL, NULL),
                                                                                                                                                          (853, '원 암 프리쳐 컬 머신', '이두', '원 암으로 프리쳐 컬 머신을 이용해 운동하는 것입니다.', NULL, NULL),
                                                                                                                                                          (854, '디클라인 덤벨 컬', '이두', '디클라인 자세에서 덤벨 컬을 수행하는 운동입니다.', NULL, NULL),
                                                                                                                                                          (855, 'TRX 바이셉스 컬', '이두', 'TRX를 이용해 바이셉 컬을 수행하는 운동입니다.', NULL, NULL),
                                                                                                                                                          (856, '웨이터 컬', '이두', '웨이터 자세에서 컬을 수행하는 운동입니다.', NULL, NULL);
INSERT INTO routines (routine_code, created_at, updated_at)
VALUES
    (1, NOW(), NOW()),
    (2, NOW(), NOW()),
    (3, NOW(), NOW()),
    (4, NOW(), NOW()),
    (5, NOW(), NOW()),
    (6, NOW(), NOW()),
    (7, NOW(), NOW()),
    (8, NOW(), NOW()),
    (9, NOW(), NOW()),
    (10, NOW(), NOW()),
    (11, NOW(), NOW()),
    (12, NOW(), NOW()),
    (13, NOW(), NOW()),
    (14, NOW(), NOW()),
    (15, NOW(), NOW()),
    (16, NOW(), NOW()),
    (17, NOW(), NOW()),
    (18, NOW(), NOW()),
    (19, NOW(), NOW()),
    (20, NOW(), NOW()),
    (21, NOW(), NOW()),
    (22, NOW(), NOW()),
    (23, NOW(), NOW()),
    (24, NOW(), NOW()),
    (25, NOW(), NOW()),
    (26, NOW(), NOW()),
    (27, NOW(), NOW()),
    (28, NOW(), NOW()),
    (29, NOW(), NOW()),
    (30, NOW(), NOW()),
    (31, NOW(), NOW()),
    (32, NOW(), NOW()),
    (33, NOW(), NOW()),
    (34, NOW(), NOW()),
    (35, NOW(), NOW());

INSERT INTO workout_info (title, workout_time, recommend_music, created_at, updated_at, routine_code)
VALUES
    ('운동 후 치킨 예약~ 전신 운동', 60,  'Music Playlist 1', NOW(), NOW(), 1),
    ('태양을 이길 팔뚝 만들기!! 상체 운동', 45, 'Music Playlist 2', NOW(), NOW(), 2),
    ('하체의 여왕이 되자!! 레그 데이', 50,  'Music Playlist 3', NOW(), NOW(), 3),
    ('땀은 칼로리의 눈물..ㅜㅜ 유산소 운동', 30,  'Music Playlist 4', NOW(), NOW(), 4),
    ('복근은 만들어지는 것..? 코어 운동', 40,  'Music Playlist 5', NOW(), NOW(), 5),
    ('상체 근력 강화를 위한 필수 운동', 45, 'Music Playlist 6', NOW(), NOW(), 6),
    ('코어를 강하게! 코어 강화 루틴', 40, 'Music Playlist 7', NOW(), NOW(), 7),
    ('전신 유산소 폭발 루틴', 50, 'Music Playlist 8', NOW(), NOW(), 8),
    ('하체 집중 루틴', 55, 'Music Playlist 9', NOW(), NOW(), 9),
    ('탄탄한 복부 만들기', 35, 'Music Playlist 10', NOW(), NOW(), 10),
    ('유연성과 균형을 위한 요가 루틴', 60, 'Music Playlist 11', NOW(), NOW(), 11),
    ('단시간 고강도 인터벌 트레이닝', 20, 'Music Playlist 12', NOW(), NOW(), 12),
    ('상체 강화를 위한 중량 운동 루틴', 45, 'Music Playlist 13', NOW(), NOW(), 13),
    ('하체 근력 강화 운동', 50, 'Music Playlist 14', NOW(), NOW(), 14),
    ('전신 강화 서킷 트레이닝', 40, 'Music Playlist 15', NOW(), NOW(), 15),
    ('코어 강화 및 유연성 훈련', 45, 'Music Playlist 16', NOW(), NOW(), 16),
    ('상체와 복부 집중 루틴', 50, 'Music Playlist 17', NOW(), NOW(), 17),
    ('하체와 유산소 복합 운동', 60, 'Music Playlist 18', NOW(), NOW(), 18),
    ('복부 조각 루틴', 35, 'Music Playlist 19', NOW(), NOW(), 19),
    ('강력한 다리 운동', 55, 'Music Playlist 20', NOW(), NOW(), 20),
    ('탄탄한 팔과 어깨 만들기', 45, 'Music Playlist 21', NOW(), NOW(), 21),
    ('전신 근력 서킷 트레이닝', 50, 'Music Playlist 22', NOW(), NOW(), 22),
    ('코어 집중 요가 루틴', 40, 'Music Playlist 23', NOW(), NOW(), 23),
    ('하체 고강도 근력 루틴', 60, 'Music Playlist 24', NOW(), NOW(), 24),
    ('상체 및 코어 강화를 위한 루틴', 45, 'Music Playlist 25', NOW(), NOW(), 25),
    ('유산소와 근력 혼합 루틴', 50, 'Music Playlist 26', NOW(), NOW(), 26),
    ('탄탄한 하체와 코어 훈련', 55, 'Music Playlist 27', NOW(), NOW(), 27),
    ('전신 근력 강화를 위한 서킷', 60, 'Music Playlist 28', NOW(), NOW(), 28),
    ('상체 집중 중량 운동 루틴', 50, 'Music Playlist 29', NOW(), NOW(), 29),
    ('하체 강화를 위한 복합 운동', 45, 'Music Playlist 30', NOW(), NOW(), 30),
    ('복부 집중 유산소 루틴', 40, 'Music Playlist 31', NOW(), NOW(), 31),
    ('탄력 있는 팔 만들기', 35, 'Music Playlist 32', NOW(), NOW(), 32),
    ('상체와 하체를 동시에! 복합 운동', 50, 'Music Playlist 33', NOW(), NOW(), 33),
    ('유연성과 근력을 동시에! 요가와 웨이트 훈련', 60, 'Music Playlist 34', NOW(), NOW(), 34),
    ('고강도 유산소 및 근력 서킷 트레이닝', 45, 'Music Playlist 35', NOW(), NOW(), 35);



INSERT INTO workout_per_routine (workout_order, workout_name, link, weight_set, number_per_set, weight_per_set, workout_time, created_at, updated_at, routine_code, exercise_equipment_code)
VALUES
    -- 루틴 1: 전신 운동
    (1, '바벨 스쿼트', 'https://example.com/squat', 4, 10, 60, 15, NOW(), NOW(), 1, 588),
    (2, '벤치 프레스', 'https://example.com/bench-press', 4, 8, 50, 12, NOW(), NOW(), 1, 132),
    (3, '바벨 로우', 'https://example.com/row', 3, 12, 40, 10, NOW(), NOW(), 1, 2),
    (4, '오버헤드 프레스', 'https://example.com/overhead-press', 3, 10, 30, 8, NOW(), NOW(), 1, 241),
    (5, '데드리프트', 'https://example.com/deadlift', 3, 8, 80, 15, NOW(), NOW(), 1, 1),
    (6, '플랭크', 'https://example.com/plank', 3, 60, 0, 5, NOW(), NOW(), 1, 360),

    -- 루틴 2: 상체 운동
    (1, '덤벨 벤치 프레스', 'https://example.com/dumbbell-bench-press', 4, 10, 20, 12, NOW(), NOW(), 2, 133),
    (2, '풀업', 'https://example.com/pull-up', 4, 8, 0, 10, NOW(), NOW(), 2, 3),
    (3, '덤벨 숄더 프레스', 'https://example.com/shoulder-press', 3, 12, 15, 10, NOW(), NOW(), 2, 242),
    (4, '바벨 바이셉 컬', 'https://example.com/bicep-curl', 3, 12, 25, 8, NOW(), NOW(), 2, 809),
    (5, '트라이셉 푸쉬다운', 'https://example.com/tricep-pushdown', 3, 15, 20, 8, NOW(), NOW(), 2, 491),
    (6, '랫 풀다운', 'https://example.com/lat-pulldown', 3, 12, 50, 10, NOW(), NOW(), 2, 5),

    -- 루틴 3: 하체 운동
    (1, '레그 프레스', 'https://example.com/leg-press', 4, 12, 100, 15, NOW(), NOW(), 3, 590),
    (2, '루마니안 데드리프트', 'https://example.com/romanian-deadlift', 3, 10, 60, 12, NOW(), NOW(), 3, 4),
    (3, '레그 익스텐션', 'https://example.com/leg-extension', 3, 15, 40, 10, NOW(), NOW(), 3, 594),
    (4, '레그 컬', 'https://example.com/leg-curl', 3, 12, 35, 10, NOW(), NOW(), 3, 591),
    (5, '카프 레이즈', 'https://example.com/calf-raise', 4, 20, 30, 8, NOW(), NOW(), 3, 598),
    (6, '런지', 'https://example.com/lunge', 3, 12, 20, 12, NOW(), NOW(), 3, 589),

    -- 루틴 4: 유산소 운동
    (1, '트레드밀 러닝', 'https://example.com/treadmill', 1, 20, 0, 20, NOW(), NOW(), 4, 534),
    (2, '점핑 잭', 'https://example.com/jumping-jack', 3, 50, 0, 5, NOW(), NOW(), 4, 537),
    (3, '버피', 'https://example.com/burpee', 3, 15, 0, 10, NOW(), NOW(), 4, 536),
    (4, '마운틴 클라이머', 'https://example.com/mountain-climber', 3, 30, 0, 5, NOW(), NOW(), 4, 376),
    (5, '로잉 머신', 'https://example.com/rowing-machine', 1, 15, 0, 15, NOW(), NOW(), 4, 539),

    -- 루틴 5: 코어 운동
    (1, '크런치', 'https://example.com/crunch', 3, 20, 0, 8, NOW(), NOW(), 5, 353),
    (2, '레그 레이즈', 'https://example.com/leg-raise', 3, 15, 0, 8, NOW(), NOW(), 5, 352),
    (3, '러시안 트위스트', 'https://example.com/russian-twist', 3, 30, 5, 10, NOW(), NOW(), 5, 368),
    (4, '플랭크', 'https://example.com/plank', 3, 60, 0, 6, NOW(), NOW(), 5, 360),
    (5, '사이드 플랭크', 'https://example.com/side-plank', 3, 30, 0, 6, NOW(), NOW(), 5, 370),
    (6, '백 익스텐션', 'https://example.com/back-extension', 3, 15, 0, 8, NOW(), NOW(), 5, 6),

    -- 루틴 6: 상체 근력 강화
    (1, '바벨 벤치 프레스', 'https://example.com/barbell-bench-press', 4, 8, 70, 12, NOW(), NOW(), 6, 132),
    (2, '덤벨 숄더 프레스', 'https://example.com/dumbbell-shoulder-press', 4, 10, 20, 10, NOW(), NOW(), 6, 242),
    (3, '랫 풀다운', 'https://example.com/lat-pulldown', 3, 12, 60, 10, NOW(), NOW(), 6, 5),
    (4, '바벨 로우', 'https://example.com/barbell-row', 3, 10, 50, 10, NOW(), NOW(), 6, 2),
    (5, '덤벨 바이셉 컬', 'https://example.com/dumbbell-bicep-curl', 3, 12, 15, 8, NOW(), NOW(), 6, 813),
    (6, '트라이셉 푸쉬다운', 'https://example.com/tricep-pushdown', 3, 15, 25, 8, NOW(), NOW(), 6, 491),
    (7, '페이스 풀', 'https://example.com/face-pull', 3, 15, 20, 8, NOW(), NOW(), 6, 249),

    -- 루틴 7: 코어 강화
    (1, '플랭크', 'https://example.com/plank', 3, 60, 0, 6, NOW(), NOW(), 7, 360),
    (2, '바이시클 크런치', 'https://example.com/bicycle-crunch', 3, 30, 0, 8, NOW(), NOW(), 7, 356),
    (3, '레그 레이즈', 'https://example.com/leg-raise', 3, 15, 0, 8, NOW(), NOW(), 7, 352),
    (4, '러시안 트위스트', 'https://example.com/russian-twist', 3, 30, 5, 10, NOW(), NOW(), 7, 368),
    (5, '마운틴 클라이머', 'https://example.com/mountain-climber', 3, 30, 0, 6, NOW(), NOW(), 7, 376),
    (6, '데드 버그', 'https://example.com/dead-bug', 3, 15, 0, 8, NOW(), NOW(), 7, 403),
    (7, '슈퍼맨', 'https://example.com/superman', 3, 15, 0, 6, NOW(), NOW(), 7, 372),

    -- 루틴 8: 전신 유산소
    (1, '버피', 'https://example.com/burpee', 4, 15, 0, 12, NOW(), NOW(), 8, 536),
    (2, '점핑 잭', 'https://example.com/jumping-jack', 4, 50, 0, 8, NOW(), NOW(), 8, 537),
    (3, '하이 니 스킵스', 'https://example.com/high-knee-skips', 4, 30, 0, 8, NOW(), NOW(), 8, 548),
    (4, '마운틴 클라이머', 'https://example.com/mountain-climber', 4, 30, 0, 8, NOW(), NOW(), 8, 376),
    (5, '스쿼트 점프', 'https://example.com/squat-jump', 4, 15, 0, 10, NOW(), NOW(), 8, 637),
    (6, '플랭크 잭', 'https://example.com/plank-jack', 4, 20, 0, 8, NOW(), NOW(), 8, 396),

    -- 루틴 9: 하체 집중
    (1, '바벨 스쿼트', 'https://example.com/barbell-squat', 4, 10, 80, 15, NOW(), NOW(), 9, 588),
    (2, '데드리프트', 'https://example.com/deadlift', 4, 8, 100, 15, NOW(), NOW(), 9, 1),
    (3, '레그 프레스', 'https://example.com/leg-press', 3, 12, 120, 12, NOW(), NOW(), 9, 590),
    (4, '루마니안 데드리프트', 'https://example.com/romanian-deadlift', 3, 10, 60, 10, NOW(), NOW(), 9, 4),
    (5, '레그 익스텐션', 'https://example.com/leg-extension', 3, 15, 50, 8, NOW(), NOW(), 9, 594),
    (6, '레그 컬', 'https://example.com/leg-curl', 3, 15, 45, 8, NOW(), NOW(), 9, 591),
    (7, '카프 레이즈', 'https://example.com/calf-raise', 4, 20, 40, 8, NOW(), NOW(), 9, 598),

    -- 루틴 10: 복부 집중
    (1, '크런치', 'https://example.com/crunch', 3, 20, 0, 8, NOW(), NOW(), 10, 353),
    (2, '레그 레이즈', 'https://example.com/leg-raise', 3, 15, 0, 8, NOW(), NOW(), 10, 352),
    (3, '러시안 트위스트', 'https://example.com/russian-twist', 3, 30, 5, 10, NOW(), NOW(), 10, 368),
    (4, '플랭크', 'https://example.com/plank', 3, 60, 0, 6, NOW(), NOW(), 10, 360),
    (5, '마운틴 클라이머', 'https://example.com/mountain-climber', 3, 30, 0, 8, NOW(), NOW(), 10, 376),
    (1, '다운 독', 'https://example.com/downdog', 1, 60, 0, 5, NOW(), NOW(), 11, 439),
    (2, '워리어 포즈', 'https://example.com/warrior', 1, 30, 0, 5, NOW(), NOW(), 11, 439),
    (3, '트리 포즈', 'https://example.com/tree', 1, 30, 0, 5, NOW(), NOW(), 11, 439),
    (4, '코브라 포즈', 'https://example.com/cobra', 1, 30, 0, 5, NOW(), NOW(), 11, 439),
    (5, '브릿지 포즈', 'https://example.com/bridge', 1, 30, 0, 5, NOW(), NOW(), 11, 439),

    -- 루틴 12: 단시간 고강도 인터벌 트레이닝
    (1, '버피', 'https://example.com/burpee', 4, 15, 0, 3, NOW(), NOW(), 12, 536),
    (2, '마운틴 클라이머', 'https://example.com/mountain-climber', 4, 30, 0, 2, NOW(), NOW(), 12, 376),
    (3, '점핑 잭', 'https://example.com/jumping-jack', 4, 50, 0, 2, NOW(), NOW(), 12, 537),
    (4, '하이 니 런', 'https://example.com/high-knee', 4, 30, 0, 2, NOW(), NOW(), 12, 548),
    (5, '플라이오메트릭 푸시업', 'https://example.com/plyometric-pushup', 4, 10, 0, 2, NOW(), NOW(), 12, 137),

    -- 루틴 13: 상체 강화를 위한 중량 운동 루틴
    (1, '벤치 프레스', 'https://example.com/bench-press', 4, 8, 70, 12, NOW(), NOW(), 13, 132),
    (2, '오버헤드 프레스', 'https://example.com/overhead-press', 4, 8, 40, 10, NOW(), NOW(), 13, 241),
    (3, '풀업', 'https://example.com/pullup', 4, 8, 0, 10, NOW(), NOW(), 13, 3),
    (4, '바벨 로우', 'https://example.com/barbell-row', 4, 10, 60, 12, NOW(), NOW(), 13, 2),
    (5, '덤벨 플라이', 'https://example.com/dumbbell-fly', 3, 12, 15, 8, NOW(), NOW(), 13, 136),
    (6, '트라이셉 푸시다운', 'https://example.com/tricep-pushdown', 3, 12, 30, 8, NOW(), NOW(), 13, 491),

    -- 루틴 14: 하체 근력 강화 운동
    (1, '바벨 백 스쿼트', 'https://example.com/back-squat', 4, 8, 100, 15, NOW(), NOW(), 14, 588),
    (2, '데드리프트', 'https://example.com/deadlift', 4, 6, 120, 15, NOW(), NOW(), 14, 1),
    (3, '불가리안 스플릿 스쿼트', 'https://example.com/bulgarian-split-squat', 3, 10, 20, 12, NOW(), NOW(), 14, 611),
    (4, '레그 프레스', 'https://example.com/leg-press', 3, 12, 150, 12, NOW(), NOW(), 14, 590),
    (5, '레그 컬', 'https://example.com/leg-curl', 3, 12, 50, 10, NOW(), NOW(), 14, 591),
    (6, '카프 레이즈', 'https://example.com/calf-raise', 4, 15, 40, 8, NOW(), NOW(), 14, 598),

    -- 루틴 15: 전신 강화 서킷 트레이닝
    (1, '덤벨 스러스터', 'https://example.com/dumbbell-thruster', 3, 12, 15, 10, NOW(), NOW(), 15, 388),
    (2, '케틀벨 스윙', 'https://example.com/kettlebell-swing', 3, 15, 16, 10, NOW(), NOW(), 15, 374),
    (3, '로프 배틀', 'https://example.com/battle-rope', 3, 30, 0, 10, NOW(), NOW(), 15, 581),
    (4, '버피', 'https://example.com/burpee', 3, 10, 0, 10, NOW(), NOW(), 15, 536),
    (5, '덤벨 로우', 'https://example.com/dumbbell-row', 3, 12, 20, 10, NOW(), NOW(), 15, 22),
    (6, '플라이오메트릭 박스 점프', 'https://example.com/box-jump', 3, 10, 0, 10, NOW(), NOW(), 15, 610),

    -- 루틴 16: 코어 강화 및 유연성 훈련
    (1, '플랭크', 'https://example.com/plank', 3, 60, 0, 6, NOW(), NOW(), 16, 360),
    (2, '러시안 트위스트', 'https://example.com/russian-twist', 3, 30, 5, 8, NOW(), NOW(), 16, 368),
    (3, '버드 독', 'https://example.com/bird-dog', 3, 12, 0, 6, NOW(), NOW(), 16, 391),
    (4, '슈퍼맨', 'https://example.com/superman', 3, 15, 0, 6, NOW(), NOW(), 16, 372),
    (5, '사이드 플랭크', 'https://example.com/side-plank', 3, 30, 0, 6, NOW(), NOW(), 16, 370),
    (6, '코브라 스트레치', 'https://example.com/cobra-stretch', 3, 30, 0, 5, NOW(), NOW(), 16, 439 ),
    (7, '차일드 포즈', 'https://example.com/child-pose', 3, 30, 0, 5, NOW(), NOW(), 16, 439 ),

    -- 루틴 17: 상체와 복부 집중 루틴
    (1, '푸시업', 'https://example.com/pushup', 4, 15, 0, 10, NOW(), NOW(), 17, 137),
    (2, '덤벨 숄더 프레스', 'https://example.com/dumbbell-shoulder-press', 4, 10, 15, 12, NOW(), NOW(), 17, 242),
    (3, '랫 풀다운', 'https://example.com/lat-pulldown', 4, 12, 50, 12, NOW(), NOW(), 17, 5),
    (4, '케이블 크런치', 'https://example.com/cable-crunch', 3, 15, 30, 8, NOW(), NOW(), 17, 354),
    (5, '덤벨 바이셉 컬', 'https://example.com/dumbbell-bicep-curl', 3, 12, 10, 8, NOW(), NOW(), 17, 813),
    (6, '트라이셉 딥스', 'https://example.com/tricep-dips', 3, 12, 0, 8, NOW(), NOW(), 17, 139),
    (7, '플랭크', 'https://example.com/plank', 3, 60, 0, 6, NOW(), NOW(), 17, 360),

    -- 루틴 18: 하체와 유산소 복합 운동
    (1, '점핑 스쿼트', 'https://example.com/jumping-squat', 4, 15, 0, 12, NOW(), NOW(), 18, 637),
    (2, '런지', 'https://example.com/lunge', 4, 12, 20, 12, NOW(), NOW(), 18, 589),
    (3, '스텝업', 'https://example.com/step-up', 4, 12, 15, 12, NOW(), NOW(), 18, 561),
    (4, '버피', 'https://example.com/burpee', 3, 10, 0, 10, NOW(), NOW(), 18, 536),
    (5, '마운틴 클라이머', 'https://example.com/mountain-climber', 3, 30, 0, 8, NOW(), NOW(), 18, 376),
    (6, '싸이클', 'https://example.com/cycle', 1, 600, 0, 15, NOW(), NOW(), 18, 532),

    -- 루틴 19: 복부 조각 루틴
    (1, '크런치', 'https://example.com/crunch', 4, 20, 0, 8, NOW(), NOW(), 19, 353),
    (2, '레그 레이즈', 'https://example.com/leg-raise', 4, 15, 0, 8, NOW(), NOW(), 19, 352),
    (3, '러시안 트위스트', 'https://example.com/russian-twist', 4, 30, 5, 8, NOW(), NOW(), 19, 368),
    (4, '플랭크', 'https://example.com/plank', 4, 45, 0, 8, NOW(), NOW(), 19, 360),
    (5, '마운틴 클라이머', 'https://example.com/mountain-climber', 4, 30, 0, 8, NOW(), NOW(), 19, 376),
    (6, '바이시클 크런치', 'https://example.com/bicycle-crunch', 4, 30, 0, 8, NOW(), NOW(), 19, 356),

    -- 루틴 20: 강력한 다리 운동
    (1, '바벨 백 스쿼트', 'https://example.com/back-squat', 5, 5, 120, 15, NOW(), NOW(), 20, 588),
    (2, '데드리프트', 'https://example.com/deadlift', 5, 5, 140, 15, NOW(), NOW(), 20, 1),
    (3, '프론트 스쿼트', 'https://example.com/front-squat', 4, 8, 80, 12, NOW(), NOW(), 20, 612),
    (4, '레그 프레스', 'https://example.com/leg-press', 4, 10, 180, 12, NOW(), NOW(), 20, 590),
    (5, '루마니안 데드리프트', 'https://example.com/romanian-deadlift', 3, 10, 80, 10, NOW(), NOW(), 20, 4),
    (6, '레그 익스텐션', 'https://example.com/leg-extension', 3, 12, 60, 8, NOW(), NOW(), 20, 594),
    (7, '레그 컬', 'https://example.com/leg-curl', 3, 12, 50, 8, NOW(), NOW(), 20, 591),

    -- 루틴 21: 탄탄한 팔과 어깨 만들기
    (1, '바벨 오버헤드 프레스', 'https://example.com/overhead-press', 4, 8, 50, 12, NOW(), NOW(), 21, 241),
    (2, '덤벨 래터럴 레이즈', 'https://example.com/lateral-raise', 4, 12, 10, 10, NOW(), NOW(), 21, 243),
    (3, '바벨 바이셉 컬', 'https://example.com/barbell-curl', 4, 10, 30, 10, NOW(), NOW(), 21, 809),
    (4, '트라이셉 푸시다운', 'https://example.com/tricep-pushdown', 4, 12, 30, 10, NOW(), NOW(), 21, 491),
    (5, '프론트 레이즈', 'https://example.com/front-raise', 3, 12, 8, 8, NOW(), NOW(), 21, 247),
    (6, '해머 컬', 'https://example.com/hammer-curl', 3, 12, 12, 8, NOW(), NOW(), 21, 815),
    (7, '페이스 풀', 'https://example.com/face-pull', 3, 15, 20, 8, NOW(), NOW(), 21, 249),
    -- 루틴 22: 전신 근력 서킷 트레이닝
    (1, '덤벨 스러스터', 'https://example.com/dumbbell-thruster', 3, 12, 15, 10, NOW(), NOW(), 22, 388),
    (2, '풀업', 'https://example.com/pullup', 3, 8, 0, 10, NOW(), NOW(), 22, 3),
    (3, '고블릿 스쿼트', 'https://example.com/goblet-squat', 3, 12, 20, 10, NOW(), NOW(), 22, 615),
    (4, '푸시업', 'https://example.com/pushup', 3, 15, 0, 10, NOW(), NOW(), 22, 137),
    (5, '케틀벨 스윙', 'https://example.com/kettlebell-swing', 3, 15, 16, 10, NOW(), NOW(), 22, 374),
    (6, '플랭크', 'https://example.com/plank', 3, 45, 0, 10, NOW(), NOW(), 22, 360),

    -- 루틴 23: 코어 집중 요가 루틴
    (1, '플랭크 포즈', 'https://example.com/plank-pose', 3, 45, 0, 8, NOW(), NOW(), 23, 360),
    (2, '보트 포즈', 'https://example.com/boat-pose', 3, 30, 0, 8, NOW(), NOW(), 23, 439 ),
    (3, '사이드 플랭크', 'https://example.com/side-plank', 3, 30, 0, 8, NOW(), NOW(), 23, 370),
    (4, '브릿지 포즈', 'https://example.com/bridge-pose', 3, 45, 0, 8, NOW(), NOW(), 23, 439 ),
    (5, '크로커다일 트위스트', 'https://example.com/crocodile-twist', 3, 20, 0, 8, NOW(), NOW(), 23, 439 ),

    -- 루틴 24: 하체 고강도 근력 루틴
    (1, '바벨 백 스쿼트', 'https://example.com/back-squat', 5, 5, 130, 15, NOW(), NOW(), 24, 588),
    (2, '데드리프트', 'https://example.com/deadlift', 5, 5, 150, 15, NOW(), NOW(), 24, 1),
    (3, '불가리안 스플릿 스쿼트', 'https://example.com/bulgarian-split-squat', 4, 8, 25, 12, NOW(), NOW(), 24, 611),
    (4, '레그 프레스', 'https://example.com/leg-press', 4, 10, 200, 12, NOW(), NOW(), 24, 590),
    (5, '루마니안 데드리프트', 'https://example.com/romanian-deadlift', 4, 8, 90, 12, NOW(), NOW(), 24, 4),
    (6, '카프 레이즈', 'https://example.com/calf-raise', 4, 15, 50, 8, NOW(), NOW(), 24, 598),

    -- 루틴 25: 상체 및 코어 강화를 위한 루틴
    (1, '벤치 프레스', 'https://example.com/bench-press', 4, 8, 80, 12, NOW(), NOW(), 25, 132),
    (2, '랫 풀다운', 'https://example.com/lat-pulldown', 4, 10, 70, 12, NOW(), NOW(), 25, 5),
    (3, '덤벨 숄더 프레스', 'https://example.com/dumbbell-shoulder-press', 4, 10, 20, 10, NOW(), NOW(), 25, 242),
    (4, '케이블 로우', 'https://example.com/cable-row', 4, 12, 60, 10, NOW(), NOW(), 25, 39),
    (5, '러시안 트위스트', 'https://example.com/russian-twist', 3, 30, 5, 8, NOW(), NOW(), 25, 368),
    (6, '플랭크', 'https://example.com/plank', 3, 60, 0, 8, NOW(), NOW(), 25, 360),

    -- 루틴 26: 유산소와 근력 혼합 루틴
    (1, '버피', 'https://example.com/burpee', 4, 15, 0, 10, NOW(), NOW(), 26, 536),
    (2, '덤벨 스러스터', 'https://example.com/dumbbell-thruster', 4, 12, 15, 10, NOW(), NOW(), 26, 388),
    (3, '마운틴 클라이머', 'https://example.com/mountain-climber', 4, 30, 0, 8, NOW(), NOW(), 26, 376),
    (4, '케틀벨 스윙', 'https://example.com/kettlebell-swing', 4, 15, 16, 10, NOW(), NOW(), 26, 374),
    (5, '점핑 런지', 'https://example.com/jumping-lunge', 4, 20, 0, 10, NOW(), NOW(), 26, 653),
    (6, '로잉 머신', 'https://example.com/rowing-machine', 1, 500, 0, 12, NOW(), NOW(), 26, 539),

    -- 루틴 27: 탄탄한 하체와 코어 훈련
    (1, '바벨 프론트 스쿼트', 'https://example.com/front-squat', 4, 8, 70, 12, NOW(), NOW(), 27, 612),
    (2, '루마니안 데드리프트', 'https://example.com/romanian-deadlift', 4, 10, 80, 12, NOW(), NOW(), 27, 4),
    (3, '레그 프레스', 'https://example.com/leg-press', 3, 12, 150, 12, NOW(), NOW(), 27, 590),
    (4, '플랭크', 'https://example.com/plank', 3, 60, 0, 8, NOW(), NOW(), 27, 360),
    (5, '러시안 트위스트', 'https://example.com/russian-twist', 3, 30, 5, 8, NOW(), NOW(), 27, 368),
    (6, '레그 레이즈', 'https://example.com/leg-raise', 3, 15, 0, 8, NOW(), NOW(), 27, 352),
    (7, '카프 레이즈', 'https://example.com/calf-raise', 4, 20, 40, 8, NOW(), NOW(), 27, 598),

    -- 루틴 28: 전신 근력 강화를 위한 서킷
    (1, '바벨 스쿼트', 'https://example.com/barbell-squat', 3, 12, 60, 12, NOW(), NOW(), 28, 588),
    (2, '벤치 프레스', 'https://example.com/bench-press', 3, 10, 50, 12, NOW(), NOW(), 28, 132),
    (3, '바벨 로우', 'https://example.com/barbell-row', 3, 12, 50, 12, NOW(), NOW(), 28, 2),
    (4, '오버헤드 프레스', 'https://example.com/overhead-press', 3, 10, 30, 10, NOW(), NOW(), 28, 241),
    (5, '데드리프트', 'https://example.com/deadlift', 3, 8, 80, 12, NOW(), NOW(), 28, 1),
    (6, '풀업', 'https://example.com/pullup', 3, 8, 0, 10, NOW(), NOW(), 28, 3),
    (7, '플랭크', 'https://example.com/plank', 3, 45, 0, 8, NOW(), NOW(), 28, 360),

    -- 루틴 29: 상체 집중 중량 운동 루틴
    (1, '인클라인 벤치 프레스', 'https://example.com/incline-bench-press', 4, 8, 60, 12, NOW(), NOW(), 29, 144),
    (2, '랫 풀다운', 'https://example.com/lat-pulldown', 4, 10, 70, 12, NOW(), NOW(), 29, 5),
    (3, '바벨 오버헤드 프레스', 'https://example.com/overhead-press', 4, 8, 40, 12, NOW(), NOW(), 29, 241),
    (4, '케이블 플라이', 'https://example.com/cable-fly', 3, 12, 20, 10, NOW(), NOW(), 29, 138),
    (5, '시티드 로우', 'https://example.com/seated-row', 3, 12, 60, 10, NOW(), NOW(), 29, 39),
    (6, '덤벨 숄더 프레스', 'https://example.com/dumbbell-shoulder-press', 3, 10, 20, 10, NOW(), NOW(), 29, 242),

    -- 루틴 30: 하체 강화를 위한 복합 운동
    (1, '바벨 백 스쿼트', 'https://example.com/back-squat', 5, 5, 100, 15, NOW(), NOW(), 30, 588),
    (2, '루마니안 데드리프트', 'https://example.com/romanian-deadlift', 4, 8, 80, 12, NOW(), NOW(), 30, 4),
    (3, '레그 프레스', 'https://example.com/leg-press', 4, 10, 180, 12, NOW(), NOW(), 30, 590),
    (4, '불가리안 스플릿 스쿼트', 'https://example.com/bulgarian-split-squat', 3, 10, 20, 10, NOW(), NOW(), 30, 611),
    (5, '레그 익스텐션', 'https://example.com/leg-extension', 3, 12, 50, 8, NOW(), NOW(), 30, 594),
    (6, '레그 컬', 'https://example.com/leg-curl', 3, 12, 45, 8, NOW(), NOW(), 30, 591),
    (7, '카프 레이즈', 'https://example.com/calf-raise', 4, 15, 40, 8, NOW(), NOW(), 30, 598),

    -- 루틴 31: 복부 집중 유산소 루틴
    (1, '마운틴 클라이머', 'https://example.com/mountain-climber', 4, 30, 0, 8, NOW(), NOW(), 31, 376),
    (2, '러시안 트위스트', 'https://example.com/russian-twist', 4, 30, 5, 8, NOW(), NOW(), 31, 368),
    (3, '플랭크 잭', 'https://example.com/plank-jack', 4, 20, 0, 8, NOW(), NOW(), 31, 396),
    (4, '바이시클 크런치', 'https://example.com/bicycle-crunch', 4, 30, 0, 8, NOW(), NOW(), 31, 356),
    (5, '버피', 'https://example.com/burpee', 4, 10, 0, 8, NOW(), NOW(), 31, 536),
    (6, '레그 레이즈', 'https://example.com/leg-raise', 4, 15, 0, 8, NOW(), NOW(), 31, 352),

    -- 루틴 32: 탄력 있는 팔 만들기
    (1, '바벨 바이셉 컬', 'https://example.com/barbell-curl', 4, 10, 30, 10, NOW(), NOW(), 32, 809),
    (2, '트라이셉 푸시다운', 'https://example.com/tricep-pushdown', 4, 12, 25, 10, NOW(), NOW(), 32, 491),
    (3, '해머 컬', 'https://example.com/hammer-curl', 3, 12, 12, 8, NOW(), NOW(), 32, 815),
    (4, '오버헤드 트라이셉 익스텐션', 'https://example.com/overhead-tricep-extension', 3, 12, 20, 8, NOW(), NOW(), 32, 510),
    (5, '케이블 바이셉 컬', 'https://example.com/cable-bicep-curl', 3, 12, 20, 8, NOW(), NOW(), 32, 810),
    (6, '다이아몬드 푸시업', 'https://example.com/diamond-pushup', 3, 12, 0, 8, NOW(), NOW(), 32, 165),
    -- 루틴 33: 상체와 하체를 동시에! 복합 운동
    (1, '덤벨 스러스터', 'https://example.com/dumbbell-thruster', 4, 12, 15, 12, NOW(), NOW(), 33, 388),
    (2, '풀업', 'https://example.com/pullup', 4, 8, 0, 10, NOW(), NOW(), 33, 3),
    (3, '바벨 런지', 'https://example.com/barbell-lunge', 4, 10, 40, 12, NOW(), NOW(), 33, 617),
    (4, '푸시업', 'https://example.com/pushup', 4, 15, 0, 10, NOW(), NOW(), 33, 137),
    (5, '덤벨 로우', 'https://example.com/dumbbell-row', 4, 12, 20, 10, NOW(), NOW(), 33, 22),
    (6, '점프 스쿼트', 'https://example.com/jump-squat', 3, 15, 0, 8, NOW(), NOW(), 33, 637),
    (7, '버피', 'https://example.com/burpee', 3, 10, 0, 8, NOW(), NOW(), 33, 536),

    -- 루틴 34: 유연성과 근력을 동시에! 요가와 웨이트 훈련
    (1, '다운독', 'https://example.com/downward-dog', 1, 60, 0, 5, NOW(), NOW(), 34, 439),
    (2, '덤벨 고블릿 스쿼트', 'https://example.com/goblet-squat', 3, 12, 20, 10, NOW(), NOW(), 34, 615),
    (3, '워리어 포즈', 'https://example.com/warrior-pose', 1, 45, 0, 5, NOW(), NOW(), 34, 439),
    (4, '덤벨 로우', 'https://example.com/dumbbell-row', 3, 12, 15, 10, NOW(), NOW(), 34, 22),
    (5, '플랭크', 'https://example.com/plank', 3, 45, 0, 5, NOW(), NOW(), 34, 360),
    (6, '덤벨 체스트 프레스', 'https://example.com/dumbbell-chest-press', 3, 12, 15, 10, NOW(), NOW(), 34, 133),
    (7, '트리 포즈', 'https://example.com/tree-pose', 1, 30, 0, 5, NOW(), NOW(), 34, 439),
    (8, '덤벨 데드리프트', 'https://example.com/dumbbell-deadlift', 3, 12, 20, 10, NOW(), NOW(), 34, 10),

    -- 루틴 35: 고강도 유산소 및 근력 서킷 트레이닝
    (1, '버피', 'https://example.com/burpee', 3, 15, 0, 8, NOW(), NOW(), 35, 536),
    (2, '케틀벨 스윙', 'https://example.com/kettlebell-swing', 3, 20, 16, 8, NOW(), NOW(), 35, 374),
    (3, '마운틴 클라이머', 'https://example.com/mountain-climber', 3, 30, 0, 8, NOW(), NOW(), 35, 376),
    (4, '덤벨 스내치', 'https://example.com/dumbbell-snatch', 3, 10, 15, 8, NOW(), NOW(), 35, 415),
    (5, '박스 점프', 'https://example.com/box-jump', 3, 12, 0, 8, NOW(), NOW(), 35, 610),
    (6, '배틀 로프', 'https://example.com/battle-rope', 3, 30, 0, 8, NOW(), NOW(), 35, 581),
    (7, '덤벨 클린 앤 프레스', 'https://example.com/dumbbell-clean-and-press', 3, 10, 15, 8, NOW(), NOW(), 35, 473),
    (8, '점핑 런지', 'https://example.com/jumping-lunge', 3, 20, 0, 8, NOW(), NOW(), 35, 653);


INSERT INTO recommended_workout_history (routine_ratings, created_at, updated_at, workout_info_code)
VALUES
    (1.0, NOW(), NOW(), 1),
    (3.0, NOW(), NOW(), 2),
    (5.0, NOW(), NOW(), 3),
    (2.0, NOW(), NOW(), 4),
    (4.0, NOW(), NOW(), 5),
    (3.0, NOW(), NOW(), 6),
    (5.0, NOW(), NOW(), 7),
    (1.0, NOW(), NOW(), 8),
    (4.0, NOW(), NOW(), 9),
    (2.0, NOW(), NOW(), 10),
    (5.0, NOW(), NOW(), 11),
    (3.0, NOW(), NOW(), 12),
    (4.0, NOW(), NOW(), 13),
    (1.0, NOW(), NOW(), 14),
    (3.0, NOW(), NOW(), 15),
    (2.0, NOW(), NOW(), 16),
    (5.0, NOW(), NOW(), 17),
    (1.0, NOW(), NOW(), 18),
    (4.0, NOW(), NOW(), 19),
    (3.0, NOW(), NOW(), 20),
    (5.0, NOW(), NOW(), 21),
    (2.0, NOW(), NOW(), 22),
    (1.0, NOW(), NOW(), 23),
    (4.0, NOW(), NOW(), 24),
    (3.0, NOW(), NOW(), 25),
    (2.0, NOW(), NOW(), 26),
    (5.0, NOW(), NOW(), 27),
    (3.0, NOW(), NOW(), 28),
    (1.0, NOW(), NOW(), 29),
    (4.0, NOW(), NOW(), 30),
    (2.0, NOW(), NOW(), 31),
    (5.0, NOW(), NOW(), 32),
    (1.0, NOW(), NOW(), 33),
    (3.0, NOW(), NOW(), 34),
    (4.0, NOW(), NOW(), 35);



INSERT INTO record_per_user (day_of_exercise, exercise_duration, record_flag, created_at, updated_at, user_code, routine_code)
VALUES
    -- 유저 1: '20241007-36225461-e4f3-46de-8f97-119f2785deed'
    ('2024-10-01', '60', TRUE, NOW(), NOW(), '20241007-36225461-e4f3-46de-8f97-119f2785deed', 1),
    ('2024-10-02', '50', TRUE, NOW(), NOW(), '20241007-36225461-e4f3-46de-8f97-119f2785deed', 2),
    ('2024-10-03', '70', TRUE, NOW(), NOW(), '20241007-36225461-e4f3-46de-8f97-119f2785deed', 3),
    ('2024-10-04', '65', TRUE, NOW(), NOW(), '20241007-36225461-e4f3-46de-8f97-119f2785deed', 4),
    ('2024-10-05', '45', TRUE, NOW(), NOW(), '20241007-36225461-e4f3-46de-8f97-119f2785deed', 5),
    ('2024-10-06', '50', TRUE, NOW(), NOW(), '20241007-36225461-e4f3-46de-8f97-119f2785deed', 6),
    ('2024-10-07', '55', TRUE, NOW(), NOW(), '20241007-36225461-e4f3-46de-8f97-119f2785deed', 7),
    ('2024-10-08', '75', TRUE, NOW(), NOW(), '20241007-36225461-e4f3-46de-8f97-119f2785deed', 8),
    ('2024-10-09', '40', TRUE, NOW(), NOW(), '20241007-36225461-e4f3-46de-8f97-119f2785deed', 9),
    ('2024-10-10', '65', TRUE, NOW(), NOW(), '20241007-36225461-e4f3-46de-8f97-119f2785deed', 10),

    -- 유저 2: '20241007-c3642896-d092-474d-9278-a9972f9dee22'
    ('2024-10-01', '60', TRUE, NOW(), NOW(), '20241007-c3642896-d092-474d-9278-a9972f9dee22', 1),
    ('2024-10-02', '70', TRUE, NOW(), NOW(), '20241007-c3642896-d092-474d-9278-a9972f9dee22', 2),
    ('2024-10-03', '55', TRUE, NOW(), NOW(), '20241007-c3642896-d092-474d-9278-a9972f9dee22', 3),
    ('2024-10-04', '50', TRUE, NOW(), NOW(), '20241007-c3642896-d092-474d-9278-a9972f9dee22', 4),
    ('2024-10-05', '75', TRUE, NOW(), NOW(), '20241007-c3642896-d092-474d-9278-a9972f9dee22', 5),
    ('2024-10-06', '40', TRUE, NOW(), NOW(), '20241007-c3642896-d092-474d-9278-a9972f9dee22', 6),
    ('2024-10-07', '50', TRUE, NOW(), NOW(), '20241007-c3642896-d092-474d-9278-a9972f9dee22', 7),
    ('2024-10-08', '65', TRUE, NOW(), NOW(), '20241007-c3642896-d092-474d-9278-a9972f9dee22', 8),
    ('2024-10-09', '55', TRUE, NOW(), NOW(), '20241007-c3642896-d092-474d-9278-a9972f9dee22', 9),
    ('2024-10-10', '45', TRUE, NOW(), NOW(), '20241007-c3642896-d092-474d-9278-a9972f9dee22', 10),

    -- 유저 3: '20241007-fc0f20f4-8cf8-4a16-8a4e-369a3f05b993'
    ('2024-10-01', '60', TRUE, NOW(), NOW(), '20241007-fc0f20f4-8cf8-4a16-8a4e-369a3f05b993', 1),
    ('2024-10-02', '65', TRUE, NOW(), NOW(), '20241007-fc0f20f4-8cf8-4a16-8a4e-369a3f05b993', 2),
    ('2024-10-03', '50', TRUE, NOW(), NOW(), '20241007-fc0f20f4-8cf8-4a16-8a4e-369a3f05b993', 3),
    ('2024-10-04', '45', TRUE, NOW(), NOW(), '20241007-fc0f20f4-8cf8-4a16-8a4e-369a3f05b993', 4),
    ('2024-10-05', '70', TRUE, NOW(), NOW(), '20241007-fc0f20f4-8cf8-4a16-8a4e-369a3f05b993', 5),
    ('2024-10-06', '40', TRUE, NOW(), NOW(), '20241007-fc0f20f4-8cf8-4a16-8a4e-369a3f05b993', 6),
    ('2024-10-07', '60', TRUE, NOW(), NOW(), '20241007-fc0f20f4-8cf8-4a16-8a4e-369a3f05b993', 7),
    ('2024-10-08', '75', TRUE, NOW(), NOW(), '20241007-fc0f20f4-8cf8-4a16-8a4e-369a3f05b993', 8),
    ('2024-10-09', '55', TRUE, NOW(), NOW(), '20241007-fc0f20f4-8cf8-4a16-8a4e-369a3f05b993', 9),
    ('2024-10-10', '65', TRUE, NOW(), NOW(), '20241007-fc0f20f4-8cf8-4a16-8a4e-369a3f05b993', 10);



INSERT INTO equipment_per_gym (gym_code, exercise_equipment_code)
VALUES
    (1, 1),
    (1, 2),
    (1, 3),
    (1, 4),
    (1, 5),
    (1, 6),
    (1, 8),
    (1, 9),
    (1, 10),
    (1, 13),
    (1, 19),
    (1, 25),
    (1, 57),
    (1, 65),
    (1, 75),
    (1, 76),
    (1, 128),
    (1, 132),
    (1, 133),
    (1, 134),
    (1, 135),
    (1, 136),
    (1, 137),
    (1, 138),
    (1, 139),
    (1, 140),
    (1, 141),
    (1, 142),
    (1, 143),
    (1, 144),
    (1, 145),
    (1, 146),
    (1, 149),
    (1, 150),
    (1, 151),
    (1, 152),
    (1, 153),
    (1, 154),
    (1, 155),
    (1, 210),
    (1, 213),
    (1, 240),
    (1, 241),
    (1, 243),
    (1, 244),
    (1, 245),
    (1, 246),
    (1, 247),
    (1, 248),
    (1, 499),
    (1, 534),
    (1, 535),
    (1, 588),
    (1, 589),
    (1, 590),
    (1, 591),
    (1, 593),
    (1, 594),
    (1, 595),
    (1, 602),
    (1, 605),
    (1, 621),
    (1, 627),
    (1, 656),
    (1, 811),
    (1, 812),
    (1, 813),
    (1, 814),
    (1, 815),
    (1, 816),
    (1, 817),
    (1, 820),
    (1, 821),
    (1, 842);
